Player,Team,Pos,Age,G,AB,R,H,2B,3B,HR,RBI,SB,CS,BB,SO,SH,SF,HBP,AVG,OBP,SLG,OPS
Marcus Semien,TEX,2B,34,162.0,670,122,185,40,4,29,100,14,3,72,110,0.0,5.0,5,0.276,0.348,0.478,0.826
Julio Rodriguez,SEA,OF,24,155.0,654,102,180,37,2,32,103,37,10,47,175,0.0,2.0,11,0.275,0.333,0.485,0.818
Ronald Acuna,ATL,OF,27,159.0,643,149,217,35,4,41,106,73,14,80,84,0.0,3.0,9,0.337,0.416,0.596,1.012
Bobby Witt,KC,SS,24,158.0,641,97,177,28,11,30,96,49,15,40,121,1.0,8.0,4,0.276,0.319,0.495,0.814
Trea Turner,PHI,SS,31,155.0,639,102,170,35,5,26,76,30,0,45,150,0.0,1.0,6,0.266,0.32,0.459,0.779
Steven Kwan,CLE,OF,27,158.0,638,93,171,36,7,5,54,21,3,70,75,1.0,6.0,3,0.268,0.34,0.37,0.71
Freddie Freeman,LAD,1B,35,161.0,637,131,211,59,2,29,102,23,1,72,121,0.0,5.0,16,0.331,0.41,0.567,0.977
Austin Riley,ATL,3B,27,159.0,636,117,179,32,3,37,97,3,1,59,172,0.0,11.0,9,0.281,0.345,0.516,0.861
Lane Thomas,WAS,OF,29,157.0,628,101,168,36,3,28,86,20,5,36,176,0.0,7.0,11,0.268,0.315,0.468,0.783
Nick Castellanos,PHI,OF,32,,626,79,170,37,2,29,106,11,2,36,185,0.0,6.0,3,0.272,0.311,0.476,0.787
Teoscar Hernandez,SEA,OF,32,160.0,625,70,161,29,2,26,93,7,2,38,211,0.0,7.0,8,0.258,0.305,0.435,0.74
Nathaniel Lowe,TEX,1B,29,161.0,623,89,163,38,3,17,82,1,0,93,165,0.0,3.0,5,0.262,0.36,0.414,0.774
Alex Bregman,HOU,3B,30,161.0,622,103,163,28,4,25,98,3,1,92,87,0.0,2.0,8,0.262,0.363,0.441,0.804
Nico Hoerner,CHC,2B,27,150.0,619,98,175,27,4,9,68,43,7,49,83,1.0,5.0,14,0.283,0.346,0.383,0.729
George Springer,TOR,OF,35,154.0,613,87,158,25,1,21,72,20,5,60,125,0.0,3.0,5,0.258,0.327,0.405,0.732
Jose Ramirez,CLE,3B,32,156.0,611,87,172,36,5,24,80,28,6,73,73,0.0,,1,0.282,0.356,0.475,0.831
Joey Meneses,WAS,DH,32,154.0,611,71,168,36,1,13,89,0,0,38,130,0.0,3.0,5,0.275,0.321,0.401,0.722
Matt Olson,ATL,1B,30,,608,127,172,27,3,54,139,1,0,104,167,0.0,4.0,4,0.283,0.389,0.604,0.993
Spencer Torkelson,DET,1B,25,159.0,606,88,141,34,1,31,94,3,0,67,171,0.0,5.0,6,0.233,0.313,0.446,0.759
Francisco Lindor,NYM,SS,31,160.0,602,108,153,33,2,31,98,31,4,66,137,0.0,,12,0.254,0.336,0.47,0.806
Vladimir Guerrero,TOR,1B,25,156.0,602,78,159,30,0,26,94,5,3,67,100,0.0,4.0,9,0.264,0.345,0.444,0.789
Eugenio Suarez,SEA,3B,33,162.0,598,68,139,29,0,22,96,2,1,70,214,0.0,11.0,15,0.232,0.323,0.391,0.714
Xander Bogaerts,SD,SS,32,155.0,596,83,170,31,2,19,58,19,2,56,110,0.0,6.0,7,0.285,0.35,0.44,0.79
Ozzie Albies,ATL,2B,28,148.0,596,96,167,30,5,33,109,13,1,46,107,0.0,8.0,8,0.28,0.336,0.513,0.849
Gleyber Torres,NYY,2B,28,158.0,596,90,163,28,2,25,68,13,6,67,98,0.0,6.0,3,0.273,0.347,0.453,0.8
Paul Goldschmidt,STL,1B,37,154.0,593,89,159,31,0,25,80,11,2,87,161,0.0,3.0,3,0.268,0.363,0.447,0.81
Brandon Nimmo,NYM,OF,31,152.0,592,89,162,30,6,24,68,3,3,74,146,1.0,4.0,11,0.274,0.363,0.466,0.829
Anthony Santander,BAL,OF,30,153.0,591,81,152,41,1,28,95,5,1,55,152,0.0,4.0,6,0.257,0.325,0.472,0.797
Adley Rutschman,BAL,C,27,154.0,588,84,163,31,1,20,80,1,2,92,101,0.0,5.0,2,0.277,0.374,0.435,0.809
Ty France,SEA,1B,30,158.0,587,79,147,32,0,12,58,1,0,43,117,0.0,1.0,34,0.25,0.337,0.366,0.703
Bryson Stott,PHI,2B,27,151.0,585,78,164,32,2,15,62,31,3,39,100,1.0,8.0,7,0.28,0.329,0.419,0.748
Jeff McNeil,NYM,2B,32,156.0,585,75,158,25,4,10,55,10,0,39,65,3.0,3.0,18,0.27,0.333,0.378,0.711
Kyle Schwarber,PHI,DH,31,160.0,585,108,115,19,1,47,104,0,2,126,215,0.0,3.0,6,0.197,0.343,0.474,0.817
Mookie Betts,LAD,OF,32,152.0,584,126,179,40,1,39,107,14,3,96,107,0.0,5.0,8,0.307,0.408,0.579,0.987
Christian Walker,ARI,1B,33,157.0,582,86,150,36,2,33,103,11,0,62,127,0.0,8.0,8,0.258,0.333,0.497,0.83
Spencer Steer,CIN,OF,27,156.0,582,74,158,37,3,23,86,15,3,68,139,0.0,4.0,11,0.271,0.356,0.464,0.82
Ezequiel Tovar,COL,SS,23,153.0,581,79,147,37,4,15,73,11,5,25,166,2.0,3.0,4,0.253,0.287,0.408,0.695
Rafael Devers,BOS,3B,28,153.0,580,90,157,34,0,33,100,5,1,62,126,0.0,3.0,11,0.271,0.351,0.5,0.851
Ian Happ,CHC,OF,30,158.0,580,86,144,35,4,21,84,14,3,99,153,0.0,6.0,6,0.248,0.36,0.431,0.791
Bryan De La Cruz,MIA,OF,28,153.0,579,60,149,32,0,19,78,4,1,40,142,0.0,5.0,1,0.257,0.304,0.411,0.715
Jeremy Pena,HOU,SS,27,150.0,577,81,152,32,3,10,52,13,9,43,129,1.0,1.0,9,0.263,0.324,0.381,0.705
Fernando Tatis,SD,OF,26,141.0,575,91,148,33,1,25,78,29,4,53,141,1.0,3.0,3,0.257,0.322,0.449,0.771
Luis Arraez,MIA,1B,27,147.0,574,71,203,30,3,10,69,3,2,35,34,1.0,3.0,4,0.354,0.393,0.469,0.862
Bryan Reynolds,PIT,OF,30,145.0,574,85,151,31,5,24,84,12,1,53,138,0.0,6.0,7,0.263,0.33,0.46,0.79
Kyle Tucker,HOU,OF,28,157.0,574,97,163,37,5,29,112,30,5,80,92,0.0,10.0,3,0.284,0.369,0.517,0.886
Bo Bichette,TOR,SS,26,135.0,571,69,175,30,3,20,73,5,3,27,115,0.0,1.0,2,0.306,0.339,0.475,0.814
Ketel Marte,ARI,2B,31,150.0,569,94,157,26,9,25,82,8,2,71,109,0.0,5.0,5,0.276,0.358,0.485,0.843
Juan Soto,SD,OF,26,,568,97,156,32,1,35,109,12,5,132,129,1.0,5.0,2,0.275,0.41,0.519,0.929
Pete Alonso,NYM,1B,30,154.0,568,92,123,21,2,46,118,4,1,65,151,0.0,4.0,21,0.217,0.318,0.504,0.822
Andrew Vaughn,CWS,1B,26,,566,67,146,30,2,21,80,0,0,36,129,0.0,2.0,11,0.258,0.314,0.429,0.743
Corbin Carroll,ARI,OF,24,155.0,565,116,161,30,10,25,76,54,5,57,125,,4.0,13,0.285,0.362,0.506,0.868
Dansby Swanson,CHC,SS,31,147.0,565,81,138,25,3,22,80,9,1,66,154,0.0,2.0,5,0.244,0.328,0.416,0.744
CJ Abrams,WAS,SS,24,151.0,563,83,138,28,6,18,64,47,4,32,118,3.0,3.0,13,0.245,0.3,0.412,0.712
Andrew Benintendi,CWS,OF,30,151.0,562,72,147,34,2,5,45,13,2,52,89,1.0,3.0,3,0.262,0.326,0.356,0.682
Nolan Arenado,STL,3B,33,144.0,560,71,149,26,2,26,93,3,3,41,101,0.0,8.0,3,0.266,0.315,0.459,0.774
Gunnar Henderson,BAL,SS,23,150.0,560,100,143,29,9,28,82,10,3,56,159,0.0,3.0,3,0.255,0.325,0.489,0.814
Alec Bohm,PHI,3B,28,145.0,558,74,153,31,0,20,97,4,1,42,94,0.0,6.0,5,0.274,0.327,0.437,0.764
Justin Turner,BOS,1B,40,146.0,558,86,154,31,0,23,96,4,1,51,110,0.0,6.0,11,0.276,0.345,0.455,0.8
Andres Gimenez,CLE,2B,26,153.0,557,76,140,27,5,15,62,30,6,32,112,4.0,3.0,20,0.251,0.314,0.399,0.713
Ryan McMahon,COL,3B,30,152.0,555,80,133,31,3,23,70,5,5,68,198,0.0,3.0,1,0.24,0.322,0.431,0.753
Adolis Garcia,TEX,OF,31,148.0,555,108,136,29,0,39,107,9,1,65,175,0.0,6.0,6,0.245,0.328,0.508,0.836
Willy Adames,MIL,SS,29,149.0,553,73,120,29,2,24,80,5,3,71,165,0.0,6.0,6,0.217,0.31,0.407,0.717
Randy Arozarena,TB,OF,29,151.0,551,95,140,19,3,23,83,22,10,80,156,0.0,5.0,18,0.254,0.364,0.425,0.789
Lourdes Gurriel,ARI,OF,31,145.0,551,65,144,35,2,24,82,5,0,33,103,0.0,2.0,6,0.261,0.309,0.463,0.772
Christian Yelich,MIL,OF,33,144.0,550,106,153,34,1,19,76,28,3,78,140,0.0,1.0,3,0.278,0.37,0.447,0.817
Whit Merrifield,TOR,2B,36,145.0,547,66,149,27,0,11,67,26,10,36,101,0.0,6.0,3,0.272,0.318,0.382,0.7
Luis Robert,CWS,OF,27,145.0,546,90,144,36,1,38,80,20,4,30,172,0.0,2.0,12,0.264,0.315,0.542,0.857
Alex Verdugo,BOS,OF,28,142.0,546,81,144,37,5,13,54,5,3,45,93,,5.0,6,0.264,0.324,0.421,0.745
Manny Machado,SD,3B,32,138.0,543,75,140,21,0,30,91,3,2,50,109,0.0,6.0,2,0.258,0.319,0.462,0.781
Anthony Volpe,NYY,SS,23,159.0,541,62,113,23,4,21,60,24,5,52,167,1.0,2.0,5,0.209,0.283,0.383,0.666
William Contreras,MIL,C,27,141.0,540,86,156,38,1,17,78,6,1,63,126,1.0,2.0,5,0.289,0.367,0.457,0.824
Jose Abreu,HOU,1B,38,141.0,540,62,128,23,1,18,90,0,1,42,130,0.0,6.0,6,0.237,0.296,0.383,0.679
Salvador Perez,KC,C,34,140.0,538,59,137,21,0,23,80,0,0,19,135,0.0,,13,0.255,0.292,0.422,0.714
Ha-Seong Kim,SD,SS,29,152.0,538,84,140,23,0,17,60,38,9,75,124,5.0,5.0,3,0.26,0.351,0.398,0.749
Masataka Yoshida,BOS,DH,31,140.0,537,71,155,33,3,15,72,8,0,34,81,0.0,2.0,7,0.289,0.338,0.445,0.783
J.P. Crawford,SEA,SS,30,145.0,534,94,142,35,0,19,65,2,0,94,125,3.0,2.0,5,0.266,0.38,0.438,0.818
MJ Melendez,KC,OF,26,148.0,533,65,125,29,5,16,56,6,4,62,170,0.0,4.0,3,0.235,0.316,0.398,0.714
Marcell Ozuna,ATL,DH,34,144.0,530,84,145,29,1,40,100,0,0,57,134,0.0,2.0,3,0.274,0.346,0.558,0.904
Dominic Smith,WAS,1B,29,153.0,527,57,134,21,1,12,46,1,1,47,91,0.0,,10,0.254,0.326,0.366,0.692
Daulton Varsho,TOR,OF,28,158.0,527,65,116,23,3,20,61,16,7,45,135,1.0,3.0,4,0.22,0.285,0.389,0.674
Yandy Diaz,TB,1B,33,,525,95,173,35,0,22,78,0,1,65,94,0.0,2.0,8,0.33,0.41,0.522,0.932
Keibert Ruiz,WAS,C,26,,523,55,136,24,0,18,67,1,1,31,58,0.0,2.0,6,0.26,0.308,0.409,0.717
Austin Hays,BAL,OF,29,144.0,520,76,143,36,2,16,67,5,1,38,141,0.0,5.0,3,0.275,0.325,0.444,0.769
Seiya Suzuki,CHC,OF,30,138.0,515,75,147,31,6,20,74,6,7,59,130,0.0,7.0,2,0.285,0.357,0.485,0.842
Carlos Correa,MIN,SS,30,135.0,514,60,118,29,2,18,65,0,0,59,131,,3.0,4,0.23,0.312,0.399,0.711
Cal Raleigh,SEA,C,28,145.0,513,78,119,23,1,30,75,0,0,54,158,0.0,1.0,1,0.232,0.306,0.456,0.762
Leody Taveras,TEX,OF,26,143.0,511,67,136,31,3,14,67,14,4,35,117,3.0,4.0,1,0.266,0.312,0.421,0.733
Javier Baez,DET,SS,32,,510,58,113,18,4,9,59,12,0,24,125,0.0,3.0,9,0.222,0.267,0.325,0.592
Matt Chapman,TOR,3B,31,140.0,509,66,122,39,2,17,54,4,2,62,165,0.0,2.0,8,0.24,0.33,0.424,0.754
Michael Harris,ATL,OF,23,138.0,505,76,148,33,3,18,57,20,4,25,101,1.0,3.0,5,0.293,0.331,0.477,0.808
Jorge Soler,MIA,OF,32,137.0,504,77,126,24,0,36,75,1,0,66,141,0.0,4.0,6,0.25,0.341,0.512,0.853
Cody Bellinger,CHC,OF,29,130.0,499,95,153,29,1,26,97,20,6,40,87,0.0,12.0,5,0.307,0.356,0.525,0.881
Shohei Ohtani,LAA,DH,30,135.0,497,102,151,26,8,44,95,20,6,91,143,0.0,3.0,3,0.304,0.412,0.654,1.066
DJ LeMahieu,NYY,3B,36,136.0,497,55,121,22,3,15,44,2,2,60,125,0.0,2.0,3,0.243,0.327,0.39,0.717
Thairo Estrada,SF,2B,29,120.0,495,63,134,26,2,14,49,23,7,22,120,0.0,2.0,11,0.271,0.315,0.416,0.731
Ke'Bryan Hayes,PIT,3B,28,124.0,494,65,134,31,7,15,61,10,6,28,104,0.0,3.0,0,0.271,0.309,0.453,0.762
Tim Anderson,CWS,SS,31,123.0,493,52,121,18,2,1,25,13,2,26,122,0.0,2.0,3,0.245,0.286,0.296,0.582
Isaac Paredes,TB,3B,26,143.0,492,71,123,24,0,31,98,1,0,58,104,0.0,1.0,20,0.25,0.352,0.488,0.84
J.T. Realmuto,PHI,C,33,135.0,489,70,123,28,5,20,63,16,5,35,138,0.0,5.0,9,0.252,0.31,0.452,0.762
Orlando Arcia,ATL,SS,30,139.0,488,66,129,25,0,17,65,1,0,39,102,0.0,3.0,3,0.264,0.321,0.42,0.741
TJ Friedl,CIN,OF,29,138.0,488,73,136,22,8,18,66,27,6,47,90,8.0,3.0,10,0.279,0.352,0.467,0.819
Elias Diaz,COL,C,34,141.0,486,48,130,25,1,14,72,1,0,34,118,0.0,4.0,2,0.267,0.316,0.409,0.725
Brandon Drury,LAA,2B,32,125.0,485,61,127,30,3,26,83,0,2,25,136,0.0,5.0,8,0.262,0.306,0.497,0.803
James Outman,LAD,OF,27,151.0,483,86,120,16,3,23,70,16,3,68,181,0.0,4.0,12,0.248,0.353,0.437,0.79
Max Muncy,LAD,3B,34,135.0,482,95,102,17,1,36,105,1,2,85,153,0.0,6.0,6,0.212,0.333,0.475,0.808
J.D. Davis,SF,3B,31,144.0,480,61,119,23,1,18,69,1,0,52,152,0.0,6.0,6,0.248,0.325,0.413,0.738
Tommy Edman,STL,OF,29,137.0,479,69,119,25,4,13,47,27,4,35,84,3.0,4.0,7,0.248,0.307,0.399,0.706
Matt Vierling,DET,OF,28,134.0,479,63,125,21,5,10,44,6,6,44,112,1.0,1.0,5,0.261,0.329,0.388,0.717
Josh Jung,TEX,3B,27,122.0,478,75,127,25,1,23,70,1,3,30,151,0.0,,5,0.266,0.315,0.467,0.782
Eddie Rosario,ATL,OF,33,142.0,478,64,122,24,3,21,74,3,4,34,122,1.0,2.0,1,0.255,0.305,0.45,0.755
Corey Seager,TEX,SS,30,119.0,477,88,156,42,0,33,96,2,1,49,88,0.0,6.0,4,0.327,0.39,0.623,1.013
Trent Grisham,SD,OF,28,153.0,469,67,93,31,1,13,50,15,3,75,154,4.0,1.0,5,0.198,0.315,0.352,0.667
Mauricio Dubon,HOU,OF,30,132.0,467,76,130,26,3,10,46,7,2,19,70,0.0,3.0,3,0.278,0.309,0.411,0.72
Josh Lowe,TB,OF,27,135.0,466,71,136,33,2,20,83,32,3,31,124,0.0,3.0,1,0.292,0.335,0.5,0.835
Tyler Stephenson,CIN,C,28,142.0,465,59,113,20,2,13,56,0,1,47,135,0.0,1.0,4,0.243,0.317,0.378,0.695
Will Smith,LAD,C,29,126.0,464,80,121,21,2,19,76,3,0,63,89,0.0,12.0,15,0.261,0.359,0.438,0.797
Zach McKinstry,DET,SS,29,148.0,464,60,107,21,4,9,35,16,6,44,113,2.0,3.0,5,0.231,0.302,0.351,0.653
Maikel Garcia,KC,3B,24,123.0,464,59,126,20,4,4,50,23,7,38,115,1.0,10.0,2,0.272,0.323,0.358,0.681
Brent Rooker,OAK,DH,30,137.0,463,61,114,20,1,30,69,4,0,49,172,0.0,4.0,10,0.246,0.329,0.488,0.817
Myles Straw,CLE,OF,30,147.0,462,52,110,18,3,1,29,20,6,42,97,6.0,6.0,2,0.238,0.301,0.297,0.598
Hunter Renfroe,LAA,OF,33,126.0,459,56,111,31,0,19,56,0,0,39,113,,3.0,3,0.242,0.304,0.434,0.738
Jake Cronenworth,SD,2B,31,127.0,458,54,105,24,7,10,48,6,1,46,97,1.0,5.0,11,0.229,0.312,0.378,0.69
Jonah Heim,TEX,C,29,131.0,457,61,118,28,0,18,95,2,0,40,96,0.0,3.0,1,0.258,0.317,0.438,0.755
Bryce Harper,PHI,1B,32,126.0,457,84,134,29,1,21,72,11,3,80,119,0.0,4.0,5,0.293,0.401,0.499,0.9
Eloy Jimenez,CWS,DH,28,120.0,456,50,124,23,0,18,64,0,0,30,93,0.0,2.0,1,0.272,0.317,0.441,0.758
Jonathan India,CIN,2B,28,119.0,454,78,111,23,0,17,61,14,2,52,109,0.0,,16,0.244,0.338,0.407,0.745
Josh Naylor,CLE,1B,27,121.0,452,52,139,31,0,17,97,10,3,33,68,0.0,7.0,3,0.308,0.354,0.489,0.843
Esteury Ruiz,OAK,OF,26,132.0,449,47,114,24,1,5,47,67,13,20,99,4.0,1.0,16,0.254,0.309,0.345,0.654
Shea Langeliers,OAK,C,27,135.0,448,52,92,19,4,22,63,3,2,34,143,1.0,2.0,5,0.205,0.268,0.413,0.681
Luis Garcia,WAS,2B,24,122.0,447,61,119,18,4,9,50,9,4,27,60,1.0,7.0,0,0.266,0.304,0.385,0.689
Jack Suwinski,PIT,OF,26,144.0,447,63,100,21,2,26,74,13,2,75,172,0.0,6.0,6,0.224,0.339,0.454,0.793
Wander Franco,TB,SS,23,112.0,442,65,124,23,6,17,58,30,10,42,69,0.0,4.0,3,0.281,0.344,0.475,0.819
Max Kepler,MIN,OF,32,130.0,438,72,114,22,2,24,66,1,1,45,106,0.0,4.0,4,0.26,0.332,0.484,0.816
J.D. Martinez,LAD,DH,37,113.0,432,61,117,27,2,33,103,1,0,34,149,0.0,9.0,2,0.271,0.321,0.572,0.893
Will Brennan,CLE,OF,27,138.0,432,41,115,24,0,5,41,13,5,16,57,0.0,2.0,5,0.266,0.299,0.356,0.655
LaMonte Wade,SF,1B,31,135.0,429,64,110,14,2,17,45,2,0,76,95,4.0,4.0,6,0.256,0.373,0.417,0.79
Triston Casas,BOS,1B,25,132.0,429,66,113,21,2,24,65,0,0,70,126,0.0,2.0,1,0.263,0.367,0.49,0.857
Willson Contreras,STL,C,32,125.0,428,55,113,27,0,20,67,6,3,51,111,1.0,,13,0.264,0.358,0.467,0.825
Michael Massey,KC,2B,26,129.0,428,42,98,18,1,15,55,6,2,24,99,1.0,4.0,4,0.229,0.274,0.381,0.655
Lars Nootbaar,STL,OF,27,117.0,426,74,111,23,1,14,46,11,1,72,99,1.0,3.0,1,0.261,0.367,0.418,0.785
Ryan Mountcastle,BAL,1B,28,115.0,423,64,114,21,1,18,68,3,1,37,107,0.0,,3,0.27,0.328,0.452,0.78
Jordan Walker,STL,OF,22,117.0,420,51,116,19,2,16,51,7,4,37,104,0.0,2.0,6,0.276,0.342,0.445,0.787
Kerry Carpenter,DET,OF,27,118.0,418,57,116,17,2,20,64,6,0,32,115,0.0,1.0,8,0.278,0.34,0.471,0.811
Jurickson Profar,COL,OF,32,111.0,415,51,98,25,2,8,39,1,0,45,86,0.0,5.0,6,0.236,0.316,0.364,0.68
Connor Joe,PIT,OF,32,133.0,413,63,102,31,4,11,42,3,5,50,110,0.0,1.0,8,0.247,0.339,0.421,0.76
Adam Frazier,BAL,2B,33,141.0,412,59,99,21,2,13,60,11,4,32,68,4.0,2.0,4,0.24,0.3,0.396,0.696
Yordan Alvarez,HOU,OF,27,114.0,410,77,120,24,1,31,97,0,0,69,92,0.0,4.0,13,0.293,0.407,0.583,0.99
Geraldo Perdomo,ARI,SS,25,144.0,407,71,100,20,4,6,47,16,4,64,86,14.0,4.0,6,0.246,0.353,0.359,0.712
Nolan Gorman,STL,2B,24,119.0,406,59,96,17,0,27,76,7,2,53,148,0.0,2.0,3,0.236,0.328,0.478,0.806
Ryan Noda,OAK,1B,28,128.0,406,63,93,22,1,16,54,3,1,77,170,0.0,2.0,10,0.229,0.364,0.406,0.77
Michael Conforto,SF,OF,31,,406,58,97,14,0,15,58,4,0,53,106,0.0,,7,0.239,0.334,0.384,0.718
Ezequiel Duran,TEX,3B,25,122.0,406,55,112,22,2,14,46,8,4,23,120,1.0,2.0,7,0.276,0.324,0.443,0.767
Wilmer Flores,SF,1B,33,126.0,405,51,115,22,0,23,60,0,0,41,63,0.0,3.0,5,0.284,0.355,0.509,0.864
Brice Turang,MIL,2B,25,137.0,404,46,88,9,3,6,34,26,4,38,94,3.0,2.0,1,0.218,0.285,0.3,0.585
Brandon Marsh,PHI,OF,27,133.0,404,58,112,25,6,12,60,10,2,59,144,1.0,4.0,4,0.277,0.372,0.458,0.83
Cedric Mullins,BAL,OF,30,116.0,404,51,94,23,3,15,74,19,3,43,101,3.0,4.0,1,0.233,0.305,0.416,0.721
Chas McCormick,HOU,OF,29,115.0,403,59,110,17,2,22,70,19,6,40,117,1.0,2.0,11,0.273,0.353,0.489,0.842
Harold Ramirez,TB,DH,30,122.0,400,58,125,19,2,12,68,5,3,22,79,0.0,6.0,6,0.313,0.353,0.46,0.813
Brenton Doyle,COL,OF,26,126.0,399,48,81,16,5,10,48,22,5,22,151,3.0,3.0,4,0.203,0.25,0.343,0.593
David Peralta,LAD,OF,37,133.0,394,47,102,25,1,7,55,4,1,20,72,0.0,6.0,2,0.259,0.294,0.381,0.675
Donovan Solano,MIN,2B,37,134.0,394,43,111,26,1,5,38,0,0,40,100,0.0,1.0,15,0.282,0.369,0.391,0.76
Luis Rengifo,LAA,2B,27,126.0,394,55,104,15,4,16,51,6,4,41,82,0.0,4.0,6,0.264,0.339,0.444,0.783
Andrew McCutchen,PIT,DH,38,112.0,390,55,100,19,0,12,43,11,3,75,100,0.0,4.0,4,0.256,0.378,0.397,0.775
Elly De La Cruz,CIN,SS,23,98.0,388,67,91,15,7,13,44,35,8,35,144,1.0,1.0,2,0.235,0.3,0.41,0.71
Christopher Morel,CHC,2B,25,107.0,388,62,96,17,3,26,70,6,2,36,133,1.0,2.0,2,0.247,0.313,0.508,0.821
Jon Berti,MIA,3B,35,133.0,388,53,114,16,3,7,33,16,6,29,77,2.0,3.0,2,0.294,0.344,0.405,0.749
Miguel Rojas,LAD,SS,36,125.0,385,49,91,16,1,5,31,8,3,26,48,2.0,5.0,5,0.236,0.29,0.322,0.612
Amed Rosario,CLE,2B,29,94.0,385,51,102,19,6,3,40,9,0,22,77,0.0,3.0,2,0.265,0.306,0.369,0.675
Yan Gomes,CHC,C,37,116.0,382,44,102,20,2,10,63,1,0,21,81,0.0,7.0,9,0.267,0.315,0.408,0.723
Francisco Alvarez,NYM,C,23,123.0,382,51,80,12,0,25,63,2,0,34,110,0.0,1.0,6,0.209,0.284,0.437,0.721
Riley Greene,DET,OF,24,99.0,378,51,109,19,4,11,37,7,0,35,114,0.0,2.0,1,0.288,0.349,0.447,0.796
Brandon Lowe,TB,2B,30,109.0,377,58,87,15,1,21,68,7,0,50,119,0.0,3.0,6,0.231,0.328,0.443,0.771
Alex Call,WAS,OF,30,128.0,375,43,75,14,1,8,38,9,8,53,78,3.0,2.0,6,0.2,0.307,0.307,0.614
Alek Thomas,ARI,OF,24,125.0,374,51,86,17,5,9,39,9,1,19,86,2.0,3.0,4,0.23,0.273,0.374,0.647
Elvis Andrus,CWS,SS,36,112.0,374,39,94,20,1,6,44,12,4,25,71,1.0,2.0,4,0.251,0.304,0.358,0.662
Anthony Rizzo,NYY,1B,35,99.0,373,45,91,14,0,12,41,0,3,35,97,0.0,1.0,12,0.244,0.328,0.378,0.706
Jarred Kelenic,SEA,OF,25,105.0,372,44,94,25,2,11,49,13,5,41,132,0.0,2.0,1,0.253,0.327,0.419,0.746
Alejandro Kirk,TOR,C,26,123.0,372,34,93,16,0,8,43,0,0,42,45,0.0,2.0,6,0.25,0.334,0.358,0.692
Connor Wong,BOS,C,28,126.0,371,55,87,25,2,9,36,8,2,22,134,3.0,1.0,6,0.235,0.288,0.385,0.673
Giancarlo Stanton,NYY,DH,35,101.0,371,43,71,13,0,24,60,0,0,41,124,0.0,1.0,2,0.191,0.275,0.42,0.695
Sean Murphy,ATL,C,30,108.0,370,65,93,21,0,21,68,0,0,49,98,0.0,1.0,18,0.251,0.365,0.478,0.843
Kevin Kiermaier,TOR,OF,34,129.0,370,58,98,21,6,8,36,14,1,29,86,1.0,4.0,4,0.265,0.322,0.419,0.741
Jeimer Candelario,WAS,1B,31,99.0,368,57,95,30,2,16,53,6,1,36,88,0.0,2.0,12,0.258,0.342,0.481,0.823
Aaron Judge,NYY,OF,32,106.0,367,79,98,16,0,37,75,3,1,88,130,0.0,3.0,0,0.267,0.406,0.613,1.019
Nolan Jones,COL,OF,26,106.0,367,60,109,22,4,20,62,20,4,53,126,0.0,1.0,3,0.297,0.389,0.542,0.931
Joey Wiemer,MIL,OF,26,132.0,367,48,75,19,0,13,42,11,4,36,116,0.0,2.0,5,0.204,0.283,0.362,0.645
Matt McLain,CIN,2B,25,89.0,365,65,106,23,4,16,50,14,5,31,115,0.0,0.0,7,0.29,0.357,0.507,0.864
Yasmani Grandal,CWS,C,36,118.0,363,33,85,14,0,8,33,0,0,36,86,0.0,2.0,4,0.234,0.309,0.339,0.648
Martin Maldonado,HOU,C,38,117.0,362,33,69,12,0,15,36,0,0,30,139,12.0,0.0,3,0.191,0.258,0.348,0.606
Jose Altuve,HOU,2B,34,90.0,360,76,112,21,2,17,51,14,2,44,71,0.0,1.0,5,0.311,0.393,0.522,0.915
Jesus Sanchez,MIA,OF,27,125.0,360,43,91,23,3,14,52,3,1,38,107,1.0,1.0,2,0.253,0.327,0.45,0.777
Ramon Urias,BAL,3B,30,116.0,360,45,95,22,3,4,42,3,1,27,101,0.0,1.0,8,0.264,0.328,0.375,0.703
Tony Kemp,OAK,2B,33,124.0,359,42,75,13,3,5,27,15,4,44,40,7.0,3.0,6,0.209,0.303,0.304,0.607
Charlie Blackmon,COL,OF,38,96.0,359,57,100,24,5,8,40,4,1,39,55,0.0,4.0,11,0.279,0.363,0.44,0.803
Joc Pederson,SF,DH,32,121.0,358,59,84,14,3,15,51,0,0,57,89,0.0,3.0,7,0.235,0.348,0.416,0.764
Willi Castro,MIN,OF,27,124.0,358,60,92,18,5,9,34,33,5,34,99,2.0,3.0,12,0.257,0.339,0.411,0.75
Luke Raley,TB,1B,30,118.0,357,56,89,23,3,19,49,14,3,28,128,1.0,2.0,18,0.249,0.333,0.49,0.823
Andy Ibanez,DET,2B,31,114.0,356,42,94,23,2,11,41,1,0,24,69,1.0,1.0,1,0.264,0.312,0.433,0.745
Taylor Ward,LAA,OF,31,97.0,356,60,90,18,0,14,47,4,2,39,80,0.0,6.0,8,0.253,0.335,0.421,0.756
Michael Taylor,MIN,OF,33,129.0,355,48,78,14,1,21,51,13,1,26,130,3.0,1.0,3,0.22,0.278,0.442,0.72
Yainer Diaz,HOU,C,26,104.0,355,51,100,22,0,23,60,0,0,11,74,0.0,6.0,5,0.282,0.308,0.538,0.846
Edward Olivares,KC,OF,28,107.0,354,47,93,23,4,12,36,11,5,22,64,0.0,2.0,7,0.263,0.317,0.452,0.769
Brett Baty,NYM,3B,25,108.0,353,41,75,12,0,9,34,2,0,29,109,1.0,1.0,2,0.212,0.275,0.323,0.598
Robbie Grossman,TEX,OF,35,115.0,353,56,84,23,1,10,49,1,0,57,98,0.0,8.0,2,0.238,0.34,0.394,0.734
Jazz Chisholm,MIA,3B,27,97.0,352,50,88,12,2,19,51,22,3,26,118,1.0,2.0,2,0.25,0.304,0.457,0.761
Josh Bell,CLE,1B,32,97.0,347,26,81,19,0,11,48,0,1,43,81,0.0,2.0,1,0.233,0.318,0.383,0.701
Ryan O'Hearn,BAL,1B,31,112.0,346,48,100,22,1,14,60,5,1,15,82,1.0,3.0,3,0.289,0.322,0.48,0.802
Carlos Santana,PIT,1B,38,94.0,345,45,81,25,0,12,53,6,0,45,69,0.0,3.0,0,0.235,0.321,0.412,0.733
Seth Brown,OAK,OF,32,112.0,343,33,76,19,1,14,52,3,1,30,101,1.0,2.0,2,0.222,0.286,0.405,0.691
Gabriel Moreno,ARI,C,25,111.0,341,33,97,19,1,7,50,6,2,29,75,0.0,,3,0.284,0.339,0.408,0.747
Brandon Belt,TOR,1B,36,103.0,339,53,86,23,0,19,43,0,0,61,141,0.0,2.0,2,0.254,0.369,0.49,0.859
Chris Taylor,LAD,2B,34,117.0,338,51,80,15,1,15,56,16,3,41,125,0.0,1.0,4,0.237,0.326,0.42,0.746
Jose Siri,TB,OF,29,101.0,338,58,75,13,2,25,56,12,3,20,130,1.0,3.0,2,0.222,0.267,0.494,0.761
Edouard Julien,MIN,2B,25,109.0,338,60,89,16,1,16,37,3,0,64,128,1.0,3.0,2,0.263,0.381,0.459,0.84
Mike Tauchman,CHC,OF,34,108.0,337,64,85,18,0,8,48,7,1,56,86,1.0,3.0,4,0.252,0.363,0.377,0.74
Jake Fraley,CIN,OF,29,111.0,336,41,86,18,0,15,65,21,5,37,71,,1.0,6,0.256,0.339,0.443,0.782
Kyle Farmer,MIN,SS,34,120.0,336,49,86,14,2,11,46,2,4,23,86,0.0,2.0,8,0.256,0.317,0.408,0.725
Ji Hwan Bae,PIT,OF,25,111.0,334,54,77,17,2,2,32,24,9,30,92,3.0,2.0,2,0.231,0.296,0.311,0.607
Yoan Moncada,CWS,3B,29,92.0,334,39,87,20,1,11,40,1,0,20,107,0.0,1.0,2,0.26,0.305,0.425,0.73
Miguel Cabrera,DET,DH,41,98.0,334,21,86,20,0,4,34,0,0,31,74,0.0,3.0,2,0.257,0.322,0.353,0.675
Jason Heyward,LAD,OF,35,124.0,334,56,90,23,0,15,40,2,2,34,64,0.0,3.0,3,0.269,0.34,0.473,0.813
Jarren Duran,BOS,OF,28,102.0,332,46,98,34,2,8,40,24,2,24,90,0.0,2.0,3,0.295,0.346,0.482,0.828
Jake Rogers,DET,C,29,107.0,331,47,73,11,0,21,49,1,1,28,118,1.0,2.0,3,0.221,0.286,0.444,0.73
Mike Yastrzemski,SF,OF,34,106.0,330,54,77,23,1,15,43,2,2,45,99,2.0,1.0,3,0.233,0.33,0.445,0.775
Christian Vazquez,MIN,C,34,102.0,327,34,73,13,0,6,32,1,0,25,82,1.0,1.0,1,0.223,0.28,0.318,0.598
Brendan Donovan,STL,2B,28,95.0,327,48,93,10,1,11,34,5,1,33,53,1.0,1.0,9,0.284,0.365,0.422,0.787
Patrick Bailey,SF,C,25,97.0,326,29,76,18,1,7,48,1,0,21,100,2.0,1.0,3,0.233,0.285,0.359,0.644
Isiah Kiner-Falefa,NYY,SS,29,115.0,326,39,79,12,1,6,37,14,5,28,70,1.0,3.0,3,0.242,0.306,0.34,0.646
Adam Duvall,BOS,OF,36,92.0,320,45,79,24,2,21,58,4,0,22,110,0.0,5.0,6,0.247,0.303,0.531,0.834
Brian Anderson,MIL,3B,31,96.0,318,38,72,12,3,9,40,1,3,36,108,0.0,3.0,4,0.226,0.31,0.368,0.678
Jorge Mateo,BAL,2B,29,116.0,318,58,69,14,2,7,34,32,5,22,82,5.0,3.0,1,0.217,0.267,0.34,0.607
Aledmys Diaz,OAK,SS,34,109.0,315,25,72,20,1,4,24,1,0,17,66,1.0,4.0,7,0.229,0.28,0.337,0.617
Starling Marte,NYM,OF,36,86.0,315,38,78,7,1,5,28,24,4,16,69,2.0,0.0,8,0.248,0.301,0.324,0.625
Christian Bethancourt,TB,C,33,104.0,315,49,71,16,0,11,33,1,0,13,91,1.0,3.0,0,0.225,0.254,0.381,0.635
Gabriel Arias,CLE,SS,24,122.0,315,36,66,15,0,10,26,3,4,28,113,0.0,1.0,1,0.21,0.275,0.352,0.627
Alec Burleson,STL,OF,26,107.0,315,34,77,20,1,8,36,3,1,23,45,1.0,2.0,3,0.244,0.3,0.39,0.69
Akil Baddoo,DET,OF,26,112.0,312,40,68,13,1,11,34,14,3,42,89,2.0,1.0,0,0.218,0.31,0.372,0.682
Mickey Moniak,LAA,OF,26,85.0,311,35,87,21,2,14,45,6,3,9,113,0.0,0.0,3,0.28,0.307,0.495,0.802
Gavin Sheets,CWS,OF,28,118.0,311,24,63,10,0,10,43,1,0,28,66,0.0,4.0,1,0.203,0.267,0.331,0.598
Rowdy Tellez,MIL,1B,29,106.0,311,26,67,9,1,13,47,0,0,35,86,0.0,5.0,0,0.215,0.291,0.376,0.667
Manuel Margot,TB,OF,30,99.0,311,39,82,21,1,4,38,9,3,18,55,0.0,,4,0.264,0.31,0.376,0.686
Blake Sabol,SF,C,27,110.0,310,36,73,10,0,13,44,4,2,24,117,2.0,2.0,6,0.235,0.301,0.394,0.695
Jake Meyers,HOU,OF,28,112.0,309,42,70,16,1,10,33,5,2,26,88,0.0,1.0,5,0.227,0.296,0.382,0.678
Mike Trout,LAA,OF,33,82.0,308,54,81,14,1,18,44,2,0,45,104,0.0,2.0,7,0.263,0.367,0.49,0.857
Nick Pratto,KC,1B,26,95.0,306,33,71,16,0,7,35,1,1,29,138,0.0,4.0,6,0.232,0.307,0.353,0.66
Garrett Cooper,MIA,1B,34,82.0,305,28,78,11,1,13,46,0,0,17,97,0.0,1.0,1,0.256,0.296,0.426,0.722
Byron Buxton,MIN,DH,31,85.0,304,49,63,17,1,17,42,9,0,35,109,0.0,4.0,4,0.207,0.294,0.438,0.732
Taylor Walls,TB,SS,28,99.0,303,50,61,12,2,8,36,22,1,44,92,1.0,0.0,1,0.201,0.305,0.333,0.638
Nick Allen,OAK,SS,26,106.0,303,29,67,4,2,4,20,5,1,17,52,6.0,2.0,1,0.221,0.263,0.287,0.55
Drew Waters,KC,OF,26,98.0,302,40,69,11,5,8,32,16,5,27,107,0.0,3.0,5,0.228,0.3,0.377,0.677
Jorge Polanco,MIN,2B,31,80.0,302,38,77,18,0,14,48,4,0,36,88,0.0,,2,0.255,0.335,0.454,0.789
Jean Segura,MIA,3B,34,85.0,301,25,66,5,2,3,21,6,2,22,47,1.0,0.0,2,0.219,0.277,0.279,0.556
Nick Senzel,CIN,OF,29,104.0,301,49,71,10,0,13,42,6,2,26,74,0.0,2.0,1,0.236,0.297,0.399,0.696
Kris Bryant,COL,DH,33,80.0,300,36,70,10,0,10,31,0,0,29,68,0.0,0.0,6,0.233,0.313,0.367,0.68
Yuli Gurriel,MIA,1B,40,108.0,298,32,73,16,3,4,27,4,0,26,44,,4.0,1,0.245,0.304,0.359,0.663
Oswaldo Cabrera,NYY,3B,25,115.0,298,35,63,11,0,5,29,8,0,25,72,,2.0,2,0.211,0.275,0.299,0.574
Corey Julks,HOU,OF,28,93.0,298,35,73,14,0,6,33,15,3,22,75,0.0,2.0,1,0.245,0.297,0.352,0.649
Enrique Hernandez,BOS,3B,33,86.0,297,38,66,11,0,6,31,3,1,22,68,0.0,2.0,2,0.222,0.279,0.32,0.599
Joey Wendle,MIA,3B,34,112.0,297,33,63,16,3,2,20,7,1,13,67,3.0,3.0,2,0.212,0.248,0.306,0.554
Mitch Garver,TEX,C,34,87.0,296,45,80,11,0,19,50,0,0,44,82,0.0,0.0,3,0.27,0.37,0.5,0.87
Jake Burger,CWS,1B,28,88.0,294,44,63,15,1,25,52,1,1,22,102,0.0,2.0,5,0.214,0.279,0.527,0.806
Nick Fortes,MIA,C,28,108.0,294,33,60,10,0,6,26,4,2,17,59,3.0,2.0,7,0.204,0.263,0.299,0.562
Kyle Isbel,KC,OF,27,91.0,292,45,70,22,2,5,34,7,1,17,59,1.0,2.0,1,0.24,0.282,0.38,0.662
Owen Miller,MIL,2B,28,90.0,291,29,76,17,0,5,27,13,2,17,61,0.0,4.0,2,0.261,0.303,0.371,0.674
Cavan Biggio,TOR,2B,29,111.0,289,54,68,12,0,9,40,5,2,40,88,0.0,2.0,7,0.235,0.34,0.37,0.71
Zach Neto,LAA,SS,24,84.0,289,38,65,17,0,9,34,5,1,20,77,,,16,0.225,0.308,0.377,0.685
Harrison Bader,NYY,OF,30,84.0,288,40,69,11,2,7,37,17,2,14,56,1.0,4.0,3,0.24,0.278,0.365,0.643
Will Benson,CIN,OF,26,108.0,287,51,79,15,8,11,31,19,3,40,103,0.0,1.0,1,0.275,0.365,0.498,0.863
Ryan Jeffers,MIN,C,27,96.0,286,46,79,15,2,14,43,3,2,33,93,4.0,2.0,10,0.276,0.369,0.49,0.859
Elehuris Montero,COL,3B,26,85.0,284,40,69,15,2,11,39,0,0,15,111,0.0,3.0,5,0.243,0.29,0.426,0.716
Brandon Crawford,SF,SS,38,94.0,283,31,55,11,1,7,38,3,0,28,81,1.0,4.0,4,0.194,0.273,0.314,0.587
Joey Gallo,MIN,OF,31,111.0,282,39,50,9,1,21,40,1,1,48,142,0.0,0.0,2,0.177,0.301,0.44,0.741
Andruw Monasterio,MIL,2B,27,92.0,282,38,73,14,1,3,27,7,2,28,66,0.0,2.0,3,0.259,0.33,0.348,0.678
Alex Kirilloff,MIN,OF,27,88.0,281,35,76,14,1,11,41,1,0,28,80,0.0,3.0,7,0.27,0.348,0.445,0.793
Jace Peterson,OAK,3B,34,,281,30,62,7,2,6,28,11,1,36,77,1.0,3.0,3,0.221,0.313,0.324,0.637
Edmundo Sosa,PHI,SS,28,104.0,279,34,70,15,2,10,30,4,2,8,74,2.0,1.0,9,0.251,0.293,0.427,0.72
Paul DeJong,STL,SS,31,81.0,279,38,65,11,0,13,32,4,4,21,87,0.0,1.0,5,0.233,0.297,0.412,0.709
Jake McCarthy,ARI,OF,27,99.0,276,37,67,7,5,2,16,26,4,26,62,4.0,1.0,5,0.243,0.318,0.326,0.644
Daniel Vogelbach,NYM,DH,32,104.0,275,33,64,8,0,13,48,0,0,42,81,0.0,0.0,2,0.233,0.339,0.404,0.743
Jordan Diaz,OAK,2B,24,90.0,272,20,60,9,0,10,27,0,1,17,69,0.0,1.0,3,0.221,0.273,0.364,0.637
Nick Madrigal,CHC,2B,27,92.0,270,34,71,16,1,2,28,10,2,10,24,,0.0,9,0.263,0.311,0.352,0.663
Zack Gelof,OAK,2B,25,69.0,270,40,72,20,1,14,32,14,2,26,82,0.0,1.0,3,0.267,0.337,0.504,0.841
Danny Jansen,TOR,C,29,86.0,268,38,61,15,0,17,53,0,0,23,62,0.0,0.0,10,0.228,0.312,0.474,0.786
Patrick Wisdom,CHC,3B,33,97.0,268,43,55,8,1,23,46,4,2,30,111,1.0,1.0,2,0.205,0.289,0.5,0.789
Travis d'Arnaud,ATL,C,36,74.0,267,31,60,13,0,11,39,0,0,21,67,0.0,1.0,3,0.225,0.288,0.397,0.685
Eric Haase,DET,C,32,86.0,264,22,53,8,1,4,26,3,1,16,78,1.0,1.0,0,0.201,0.246,0.284,0.53
Ildemaro Vargas,WAS,3B,33,86.0,262,32,66,13,2,4,31,1,1,19,20,3.0,1.0,1,0.252,0.304,0.363,0.667
Matt Thaiss,LAA,C,29,95.0,262,32,56,6,0,9,31,2,0,36,83,0.0,3.0,6,0.214,0.319,0.34,0.659
Harold Castro,COL,2B,31,99.0,258,24,65,13,0,1,31,1,0,9,66,1.0,2.0,0,0.252,0.275,0.314,0.589
Mark Canha,NYM,OF,36,89.0,257,28,63,15,1,6,29,7,0,32,52,0.0,5.0,9,0.245,0.343,0.381,0.724
Emmanuel Rivera,ARI,3B,28,86.0,257,32,67,13,0,4,29,1,0,22,56,0.0,4.0,0,0.261,0.314,0.358,0.672
Miguel Vargas,LAD,3B,25,81.0,256,36,50,15,4,7,32,3,2,38,61,1.0,4.0,4,0.195,0.305,0.367,0.672
JJ Bleday,OAK,OF,27,82.0,256,35,50,11,0,10,27,5,1,42,72,0.0,3.0,2,0.195,0.31,0.355,0.665
Casey Schmitt,SF,2B,25,,253,28,52,15,0,5,30,2,1,13,65,3.0,3.0,5,0.206,0.255,0.324,0.579
Nick Maton,DET,3B,28,93.0,249,29,43,9,0,8,32,1,2,38,73,1.0,2.0,3,0.173,0.288,0.305,0.593
Joshua Palacios,PIT,OF,29,91.0,247,26,59,9,2,10,40,5,0,12,56,2.0,1.0,2,0.239,0.279,0.413,0.692
Travis Jankowski,TEX,OF,33,107.0,247,34,65,12,1,1,30,19,1,35,42,1.0,2.0,2,0.263,0.357,0.332,0.689
Oscar Colas,CWS,OF,26,75.0,245,32,53,9,0,5,19,4,3,12,71,2.0,2.0,2,0.216,0.257,0.314,0.571
Jake Bauers,NYY,1B,29,84.0,242,28,49,15,0,12,30,3,2,27,95,0.0,3.0,0,0.202,0.279,0.413,0.692
Kyle Higashioka,NYY,C,34,92.0,242,24,57,13,0,10,34,0,0,14,74,1.0,3.0,0,0.236,0.274,0.413,0.687
Jacob Stallings,MIA,C,35,89.0,241,22,46,14,0,3,20,0,0,27,67,3.0,2.0,3,0.191,0.278,0.286,0.564
Randal Grichuk,COL,OF,33,64.0,240,40,74,19,1,8,27,2,2,18,51,0.0,1.0,4,0.308,0.365,0.496,0.861
Tyler O'Neill,STL,OF,29,72.0,238,27,55,14,0,9,21,5,0,28,67,0.0,0.0,0,0.231,0.312,0.403,0.715
Mike Moustakas,LAA,3B,36,,237,22,56,8,0,8,31,0,0,6,61,0.0,5.0,2,0.236,0.256,0.371,0.627
Trey Mancini,CHC,1B,32,79.0,235,31,55,12,0,4,28,0,0,21,78,0.0,3.0,2,0.234,0.299,0.336,0.635
Stone Garrett,WAS,DH,29,89.0,234,40,63,17,0,9,40,3,1,26,82,0.0,5.0,3,0.269,0.343,0.457,0.8
Gary Sanchez,SD,C,32,,234,33,51,9,0,19,46,0,0,21,64,0.0,1.0,4,0.218,0.292,0.5,0.792
Tommy Pham,NYM,OF,36,79.0,231,29,62,15,1,10,36,11,1,29,56,0.0,,1,0.268,0.348,0.472,0.82
Tyrone Taylor,MIL,OF,31,81.0,231,36,54,17,1,10,35,9,0,8,55,0.0,1.0,3,0.234,0.267,0.446,0.713
Jose Caballero,SEA,SS,28,104.0,231,37,51,9,1,4,26,26,3,28,66,0.0,4.0,17,0.221,0.343,0.32,0.663
Vinnie Pasquantino,KC,1B,27,61.0,231,24,57,17,0,9,26,0,0,25,31,0.0,1.0,2,0.247,0.324,0.437,0.761
Santiago Espinal,TOR,3B,30,93.0,230,30,57,14,0,2,25,2,1,18,36,2.0,1.0,3,0.248,0.31,0.335,0.645
Luis Matos,SF,OF,23,,228,24,57,13,1,2,14,3,0,20,33,2.0,,3,0.25,0.319,0.342,0.661
Ramon Laureano,OAK,OF,30,64.0,225,24,48,10,3,6,21,8,0,17,73,,0.0,4,0.213,0.28,0.364,0.644
Kevin Newman,CIN,SS,31,74.0,225,28,57,16,0,3,28,8,1,17,34,2.0,5.0,4,0.253,0.311,0.364,0.675
Henry Davis,PIT,C,25,62.0,225,27,48,10,0,7,24,3,5,25,69,0.0,1.0,4,0.213,0.302,0.351,0.653
Andrew Knizner,STL,C,30,70.0,224,30,54,11,0,10,31,2,0,12,62,1.0,1.0,3,0.241,0.288,0.424,0.712
Christian Encarnacion-Strand,CIN,1B,25,63.0,222,29,60,7,0,13,37,2,0,14,69,0.0,0.0,5,0.27,0.328,0.477,0.805
Zack Short,DET,2B,29,112.0,221,17,45,9,0,7,33,5,0,28,66,3.0,1.0,0,0.204,0.292,0.339,0.631
Garrett Hampson,MIA,SS,30,98.0,221,30,61,12,1,3,23,5,0,23,67,3.0,2.0,3,0.276,0.349,0.38,0.729
Dylan Carlson,STL,OF,26,76.0,219,27,48,8,1,5,27,3,0,26,49,0.0,3.0,7,0.219,0.318,0.333,0.651
Stuart Fairchild,CIN,OF,28,97.0,219,34,50,16,2,5,28,10,3,25,69,3.0,2.0,6,0.228,0.321,0.388,0.709
Mike Ford,SEA,DH,32,84.0,219,32,50,6,0,16,34,0,0,24,81,0.0,1.0,7,0.228,0.323,0.475,0.798
Mark Vientos,NYM,3B,25,65.0,218,19,46,5,1,9,22,1,0,10,71,0.0,2.0,3,0.211,0.253,0.367,0.62
Royce Lewis,MIN,3B,25,58.0,217,36,67,7,0,15,52,6,1,20,55,0.0,0.0,2,0.309,0.372,0.548,0.92
Freddy Fermin,KC,C,29,70.0,217,26,61,10,1,9,32,0,0,13,50,1.0,3.0,1,0.281,0.321,0.461,0.782
Gio Urshela,LAA,3B,33,62.0,214,22,64,8,1,2,24,3,2,10,36,0.0,3.0,1,0.299,0.329,0.374,0.703
Matt Wallner,MIN,OF,27,76.0,213,42,53,11,1,14,41,2,1,28,80,0.0,0.0,13,0.249,0.37,0.507,0.877
Evan Longoria,ARI,3B,39,74.0,211,25,47,9,0,11,28,0,0,23,73,0.0,3.0,0,0.223,0.295,0.422,0.717
Mitch Haniger,SF,OF,34,61.0,211,27,44,13,1,6,28,1,0,15,65,0.0,1.0,2,0.209,0.266,0.365,0.631
C.J. Cron,COL,1B,35,56.0,208,31,54,12,0,11,32,0,0,13,50,0.0,2.0,1,0.26,0.304,0.476,0.78
Joey Votto,CIN,1B,41,65.0,208,26,42,6,0,14,38,0,0,27,62,0.0,0.0,7,0.202,0.314,0.433,0.747
Jordan Westburg,BAL,2B,26,68.0,208,26,54,17,2,3,23,4,1,16,56,0.0,3.0,1,0.26,0.311,0.404,0.715
James McCann,BAL,C,34,70.0,207,25,46,14,0,6,26,3,1,9,57,3.0,2.0,5,0.222,0.269,0.377,0.646
Alan Trejo,COL,SS,28,83.0,207,24,48,11,0,4,26,5,1,16,51,1.0,2.0,1,0.232,0.288,0.343,0.631
Carlos Santana,MIL,1B,38,52.0,205,33,51,8,1,11,33,0,0,20,35,0.0,1.0,0,0.249,0.314,0.459,0.773
Tucupita Marcano,PIT,OF,25,75.0,202,16,47,12,2,3,18,5,2,10,35,3.0,2.0,3,0.233,0.276,0.356,0.632
Rob Refsnyder,BOS,OF,33,89.0,202,31,50,9,1,1,28,7,2,33,47,1.0,1.0,5,0.248,0.365,0.317,0.682
Victor Caratini,MIL,C,31,62.0,201,23,52,4,0,7,25,1,1,19,45,0.0,3.0,3,0.259,0.327,0.383,0.71
Josh Bell,MIA,1B,32,53.0,200,26,54,9,0,11,26,0,0,20,53,0.0,1.0,1,0.27,0.338,0.48,0.818
Aaron Hicks,BAL,OF,35,65.0,200,35,55,7,1,7,31,6,0,35,49,0.0,1.0,0,0.275,0.381,0.425,0.806
Nick Ahmed,ARI,SS,34,72.0,198,14,42,10,1,2,17,5,1,12,52,0.0,0.0,0,0.212,0.257,0.303,0.56
Bo Naylor,CLE,C,25,67.0,198,33,47,13,0,11,32,5,0,30,53,0.0,1.0,1,0.237,0.339,0.47,0.809
Jake Burger,MIA,1B,28,53.0,198,27,60,13,0,9,28,0,0,10,47,0.0,2.0,7,0.303,0.355,0.505,0.86
Liover Peguero,PIT,SS,24,59.0,198,21,47,4,1,7,26,6,2,11,67,2.0,1.0,1,0.237,0.28,0.374,0.654
Rodolfo Castro,PIT,2B,25,78.0,197,19,45,7,0,6,22,1,4,21,62,0.0,1.0,5,0.228,0.317,0.355,0.672
Kevin Pillar,ATL,OF,36,81.0,197,29,45,10,0,9,32,4,1,6,50,0.0,3.0,0,0.228,0.248,0.416,0.664
Tommy Pham,ARI,OF,36,50.0,195,26,47,12,2,6,32,11,2,18,50,0.0,3.0,1,0.241,0.304,0.415,0.719
Christian Arroyo,BOS,2B,29,66.0,195,23,47,16,0,3,24,1,3,7,45,1.0,2.0,1,0.241,0.268,0.369,0.637
Josh Smith,TEX,3B,27,90.0,195,29,36,8,1,6,15,1,0,25,55,2.0,1.0,9,0.185,0.304,0.328,0.632
Randal Grichuk,LAA,OF,33,54.0,194,25,42,12,1,8,17,0,0,11,45,0.0,1.0,2,0.216,0.264,0.412,0.676
Kolten Wong,SEA,2B,34,,194,21,32,6,0,2,19,1,1,16,46,0.0,2.0,4,0.165,0.241,0.227,0.468
Matt Duffy,KC,3B,34,79.0,191,17,48,8,0,2,16,1,0,12,39,0.0,2.0,4,0.251,0.306,0.325,0.631
Pavin Smith,ARI,OF,29,69.0,191,26,36,5,0,7,30,1,1,35,45,0.0,0.0,1,0.188,0.317,0.325,0.642
Sal Frelick,MIL,OF,24,57.0,191,29,47,9,1,3,24,7,0,28,37,0.0,3.0,1,0.246,0.341,0.351,0.692
Josh Rojas,ARI,3B,30,59.0,189,23,43,13,0,0,26,6,0,18,51,2.0,4.0,1,0.228,0.292,0.296,0.588
Matt Carpenter,SD,DH,39,76.0,188,18,33,12,0,5,31,1,0,41,67,0.0,5.0,2,0.176,0.322,0.319,0.641
Reese McGuire,BOS,C,29,72.0,187,15,50,12,1,1,16,2,1,11,53,2.0,1.0,1,0.267,0.31,0.358,0.668
Endy Rodriguez,PIT,C,24,57.0,186,27,41,7,2,3,13,0,0,17,49,0.0,1.0,0,0.22,0.284,0.328,0.612
Austin Slater,SF,OF,32,89.0,185,24,50,9,0,5,20,2,2,20,58,0.0,0.0,2,0.27,0.348,0.4,0.748
Jake Cave,PHI,OF,32,65.0,184,18,39,8,1,5,21,3,0,15,55,1.0,2.0,1,0.212,0.272,0.348,0.62
Trevor Larnach,MIN,OF,27,58.0,183,26,39,7,3,8,40,1,1,27,72,0.0,2.0,0,0.213,0.311,0.415,0.726
Logan O'Hoppe,LAA,C,25,51.0,182,23,43,6,0,14,29,0,1,14,48,0.0,,2,0.236,0.296,0.5,0.796
Jared Triolo,PIT,3B,27,54.0,181,30,54,9,0,3,21,6,1,24,63,0.0,1.0,3,0.298,0.388,0.398,0.786
Luke Maile,CIN,C,34,78.0,179,17,42,10,0,6,25,2,1,14,49,1.0,0.0,5,0.235,0.308,0.391,0.699
Austin Barnes,LAD,C,35,59.0,178,15,32,5,0,2,11,2,1,17,43,1.0,2.0,2,0.18,0.256,0.242,0.498
Brendan Rodgers,COL,2B,28,46.0,178,21,46,9,1,4,20,0,0,11,41,0.0,0.0,3,0.258,0.313,0.388,0.701
Eduardo Escobar,LAA,3B,36,60.0,178,17,39,3,3,2,15,0,1,10,54,0.0,1.0,0,0.219,0.259,0.303,0.562
Mark Canha,MIL,OF,36,50.0,178,23,51,10,0,5,33,4,1,17,27,0.0,1.0,8,0.287,0.373,0.427,0.8
Oswald Peraza,NYY,3B,24,52.0,173,15,33,8,0,2,14,4,3,13,50,0.0,0.0,5,0.191,0.267,0.272,0.539
Oscar Gonzalez,CLE,OF,27,54.0,173,15,37,7,2,2,12,0,0,5,46,0.0,1.0,1,0.214,0.239,0.312,0.551
Carlos Perez,OAK,C,34,68.0,168,17,38,4,0,6,20,0,0,13,40,1.0,3.0,4,0.226,0.293,0.357,0.65
Enrique Hernandez,LAD,3B,33,54.0,168,19,44,12,0,5,30,1,0,12,29,0.0,4.0,1,0.262,0.308,0.423,0.731
Jason Delay,PIT,C,29,70.0,167,20,42,11,1,1,18,0,0,14,44,2.0,,3,0.251,0.319,0.347,0.666
Pablo Reyes,BOS,SS,31,64.0,167,27,48,9,0,2,20,7,2,14,21,2.0,2.0,0,0.287,0.339,0.377,0.716
Jesse Winker,MIL,OF,31,61.0,166,16,33,5,0,1,23,0,0,26,51,0.0,1.0,4,0.199,0.32,0.247,0.567
Lenyn Sosa,CWS,2B,25,52.0,164,12,33,6,0,6,14,0,1,5,40,3.0,1.0,0,0.201,0.224,0.348,0.572
Luis Campusano,SD,C,26,49.0,163,27,52,7,0,7,30,0,0,7,21,0.0,1.0,3,0.319,0.356,0.491,0.847
Seby Zavala,CWS,C,31,66.0,161,15,25,3,0,7,16,1,0,10,68,2.0,2.0,1,0.155,0.207,0.304,0.511
Austin Hedges,PIT,C,32,65.0,161,13,29,5,0,1,14,1,0,11,39,9.0,3.0,2,0.18,0.237,0.23,0.467
DJ Stewart,NYM,OF,31,58.0,160,21,39,9,0,11,26,1,1,15,56,1.0,1.0,7,0.244,0.333,0.506,0.839
Nicky Lopez,KC,2B,29,68.0,160,19,34,5,3,0,13,4,2,21,30,4.0,0.0,5,0.213,0.323,0.281,0.604
Jake Alu,WAS,2B,27,51.0,159,14,36,2,1,2,16,5,1,10,42,1.0,2.0,3,0.226,0.282,0.289,0.571
Trevor Story,BOS,SS,32,43.0,158,12,32,9,0,3,14,10,3,9,55,0.0,0.0,1,0.203,0.25,0.316,0.566
Kole Calhoun,CLE,OF,37,43.0,157,18,34,7,0,6,25,0,1,13,37,0.0,2.0,2,0.217,0.282,0.376,0.658
Jose Trevino,NYY,C,32,55.0,157,15,33,4,0,4,15,0,0,8,22,1.0,0.0,2,0.21,0.257,0.312,0.569
Chad Wallach,LAA,C,33,65.0,157,18,31,5,1,7,15,0,1,13,57,2.0,0.0,0,0.197,0.259,0.376,0.635
Tyler Freeman,CLE,OF,25,64.0,153,20,37,7,0,4,18,5,0,10,30,2.0,1.0,2,0.242,0.295,0.366,0.661
Francisco Mejia,TB,C,29,50.0,150,22,34,11,0,5,19,0,1,6,38,1.0,2.0,1,0.227,0.258,0.4,0.658
Johan Rojas,PHI,OF,24,59.0,149,24,45,9,2,2,23,14,1,5,42,6.0,0.0,4,0.302,0.342,0.43,0.772
Anthony Rendon,LAA,3B,34,43.0,148,23,35,6,0,2,22,2,0,25,27,0.0,4.0,6,0.236,0.361,0.318,0.679
Zach Remillard,CWS,2B,31,54.0,147,16,37,7,0,1,18,4,3,8,48,4.0,0.0,1,0.252,0.295,0.32,0.615
Tom Murphy,SEA,C,33,47.0,145,19,42,12,0,8,17,0,0,10,44,0.0,2.0,1,0.29,0.335,0.538,0.873
Dylan Moore,SEA,2B,32,67.0,145,18,30,9,1,7,19,7,3,16,56,0.0,0.0,4,0.207,0.303,0.428,0.731
Corey Dickerson,WAS,OF,35,50.0,144,12,36,7,1,2,17,0,1,7,28,0.0,1.0,0,0.25,0.283,0.354,0.637
Cam Gallagher,CLE,C,32,56.0,143,6,18,6,0,0,7,0,0,4,46,0.0,1.0,1,0.126,0.154,0.168,0.322
Blake Perkins,MIL,OF,28,67.0,143,28,31,7,0,4,20,5,2,23,46,2.0,0.0,0,0.217,0.325,0.35,0.675
Riley Adams,WAS,C,28,44.0,143,8,39,13,2,4,21,0,0,11,45,1.0,1.0,2,0.273,0.331,0.476,0.807
Nelson Cruz,SD,DH,44,49.0,143,9,35,5,1,5,23,1,0,6,46,0.0,1.0,2,0.245,0.283,0.399,0.682
Jose Miranda,MIN,3B,26,40.0,142,12,30,4,0,3,13,0,0,9,24,0.0,0.0,1,0.211,0.263,0.303,0.566
Michael Toglia,COL,1B,26,45.0,141,18,23,5,0,4,9,1,1,10,50,0.0,0.0,1,0.163,0.224,0.284,0.508
Kody Clemens,PHI,3B,28,49.0,139,15,32,7,0,4,13,0,0,8,40,0.0,0.0,1,0.23,0.277,0.367,0.644
Enmanuel Valdez,BOS,2B,26,49.0,139,17,37,8,0,6,19,5,1,8,37,0.0,0.0,1,0.266,0.311,0.453,0.764
Rougned Odor,SD,2B,31,59.0,138,21,28,9,0,4,18,2,1,17,37,0.0,0.0,2,0.203,0.299,0.355,0.654
Jeimer Candelario,CHC,1B,31,41.0,137,20,32,9,1,6,17,2,0,17,39,0.0,2.0,1,0.234,0.318,0.445,0.763
Jonathan Schoop,DET,2B,33,55.0,136,15,29,8,0,0,7,0,0,13,37,0.0,2.0,0,0.213,0.278,0.272,0.55
Ramon Laureano,CLE,OF,30,41.0,136,22,33,8,1,3,14,4,1,16,41,0.0,1.0,5,0.243,0.342,0.382,0.724
Kevin Smith,OAK,SS,28,,135,15,25,4,0,5,11,1,0,5,51,5.0,0.0,1,0.185,0.22,0.326,0.546
Dominic Canzone,SEA,OF,27,44.0,135,19,29,11,0,5,13,1,0,6,24,0.0,0.0,0,0.215,0.248,0.407,0.655
Willie Calhoun,NYY,OF,30,44.0,134,16,32,7,0,5,16,0,0,14,20,0.0,1.0,0,0.239,0.309,0.403,0.712
Jose Barrero,CIN,OF,26,46.0,133,15,29,8,0,2,17,3,2,15,44,0.0,1.0,0,0.218,0.295,0.323,0.618
Nelson Velazquez,KC,DH,26,40.0,133,27,31,4,0,14,28,0,0,11,43,0.0,1.0,2,0.233,0.299,0.579,0.878
Miles Mastrobuoni,CHC,3B,29,61.0,133,24,32,5,0,1,5,13,1,13,32,3.0,0.0,0,0.241,0.308,0.301,0.609
Miguel Amaya,CHC,C,25,53.0,131,17,28,4,0,5,18,0,0,12,40,1.0,1.0,11,0.214,0.329,0.359,0.688
Austin Nola,SD,C,35,52.0,130,9,19,3,0,1,8,0,0,18,31,4.0,0.0,2,0.146,0.26,0.192,0.452
Omar Narvaez,NYM,C,33,49.0,128,12,27,5,0,2,7,0,0,14,27,1.0,3.0,0,0.211,0.283,0.297,0.58
Billy McKinney,NYY,OF,30,48.0,128,19,29,3,1,6,14,1,0,17,39,0.0,1.0,1,0.227,0.32,0.406,0.726
Wil Myers,CIN,OF,34,37.0,127,11,24,3,0,3,12,2,1,12,48,1.0,1.0,0,0.189,0.257,0.283,0.54
AJ Pollock,SEA,OF,37,49.0,127,15,22,4,0,5,15,0,1,9,30,0.0,,0,0.173,0.225,0.323,0.548
Amed Rosario,LAD,2B,29,48.0,125,19,32,6,2,3,18,6,2,7,22,0.0,0.0,1,0.256,0.301,0.408,0.709
Parker Meadows,DET,OF,25,37.0,125,19,29,4,2,3,13,8,1,17,37,0.0,1.0,2,0.232,0.331,0.368,0.699
Josh Rojas,SEA,3B,30,46.0,125,24,34,4,0,4,14,6,0,9,30,0.0,0.0,0,0.272,0.321,0.4,0.721
Tyler Soderstrom,OAK,1B,23,45.0,125,9,20,1,0,3,7,0,0,11,43,0.0,1.0,1,0.16,0.232,0.24,0.472
David Villar,SF,2B,28,46.0,124,15,18,6,0,5,12,1,1,11,45,0.0,1.0,4,0.145,0.236,0.315,0.551
Dairon Blanco,KC,OF,31,69.0,124,19,32,7,4,3,18,24,5,10,33,2.0,0.0,2,0.258,0.324,0.452,0.776
Mike Zunino,CLE,C,33,42.0,124,11,22,7,0,3,11,0,0,15,61,0.0,0.0,1,0.177,0.271,0.306,0.577
Lawrence Butler,OAK,OF,24,42.0,123,10,26,4,0,4,10,0,0,4,35,0.0,1.0,1,0.211,0.24,0.341,0.581
Masyn Winn,STL,SS,22,37.0,122,8,21,2,0,2,12,2,1,10,26,2.0,3.0,0,0.172,0.23,0.238,0.468
Ryan McKenna,BAL,OF,28,89.0,122,23,31,7,0,2,18,5,0,9,40,3.0,2.0,3,0.254,0.316,0.361,0.677
Matthew Batten,SD,3B,29,43.0,120,19,31,6,0,2,11,2,2,17,30,1.0,0.0,1,0.258,0.355,0.358,0.713
Brett Wisely,SF,2B,25,51.0,120,10,21,5,0,2,8,2,1,9,40,1.0,1.0,0,0.175,0.231,0.267,0.498
Austin Wynns,COL,C,34,45.0,117,11,25,5,0,1,8,1,0,8,32,3.0,1.0,2,0.214,0.273,0.282,0.555
Garrett Cooper,SD,1B,34,41.0,117,14,28,7,0,4,15,0,0,14,35,0.0,1.0,1,0.239,0.323,0.402,0.725
Davis Schneider,TOR,2B,26,35.0,116,23,32,12,1,8,20,1,0,21,43,0.0,0.0,4,0.276,0.404,0.603,1.007
Nick Gonzales,PIT,2B,25,35.0,115,12,24,8,1,2,13,0,1,6,36,1.0,2.0,4,0.209,0.268,0.348,0.616
Mike Moustakas,COL,3B,36,47.0,115,21,31,7,0,4,17,0,0,17,34,0.0,3.0,1,0.27,0.36,0.435,0.795
Rafael Ortega,NYM,OF,33,47.0,114,16,25,3,0,1,8,6,1,20,33,1.0,0.0,1,0.219,0.341,0.272,0.613
Noelvi Marte,CIN,3B,23,35.0,114,15,36,7,0,3,15,6,2,8,25,0.0,0.0,1,0.316,0.366,0.456,0.822
Garrett Stubbs,PHI,C,31,41.0,113,15,23,4,1,1,12,2,0,9,29,1.0,0.0,2,0.204,0.274,0.283,0.557
Eduardo Escobar,NYM,3B,36,40.0,110,15,26,3,2,4,16,2,0,8,24,1.0,1.0,0,0.236,0.286,0.409,0.695
Tucker Barnhart,CHC,C,34,47.0,109,6,22,3,0,1,9,1,0,12,42,0.0,1.0,1,0.202,0.285,0.257,0.542
Nolan Schanuel,LAA,1B,23,,109,19,30,3,0,1,6,0,0,20,19,0.0,0.0,3,0.275,0.402,0.33,0.732
Avisail Garcia,MIA,OF,33,37.0,108,8,20,3,1,3,12,2,0,6,39,0.0,0.0,2,0.185,0.241,0.315,0.556
Victor Robles,WAS,OF,27,36.0,107,15,32,5,1,0,8,8,1,11,18,4.0,0.0,4,0.299,0.385,0.364,0.749
Luis Guillorme,NYM,2B,30,54.0,107,12,24,6,1,1,9,0,0,10,28,2.0,1.0,0,0.224,0.288,0.327,0.615
Jacob Young,WAS,OF,25,33.0,107,9,27,7,1,0,12,13,0,10,22,3.0,0.0,1,0.252,0.322,0.336,0.658
Josh Donaldson,NYY,3B,39,34.0,106,13,15,1,0,10,15,0,0,12,32,0.0,2.0,0,0.142,0.225,0.434,0.659
Yu Chang,BOS,3B,29,39.0,105,12,17,2,0,6,18,4,0,3,34,2.0,0.0,2,0.162,0.2,0.352,0.552
Jackie Bradley,KC,OF,34,43.0,105,10,14,5,0,1,6,0,0,5,29,1.0,0.0,2,0.133,0.188,0.21,0.398
Jesus Aguilar,OAK,1B,34,36.0,104,8,23,2,0,5,9,0,0,8,31,0.0,,1,0.221,0.281,0.385,0.666
Jared Walsh,LAA,1B,31,39.0,104,10,13,4,0,4,11,0,0,11,45,0.0,0.0,1,0.125,0.216,0.279,0.495
Josh Harrison,PHI,2B,37,41.0,103,8,21,3,0,2,10,0,0,3,20,0.0,2.0,6,0.204,0.263,0.291,0.554
Rene Pinto,TB,C,28,39.0,103,10,26,3,0,6,16,0,0,2,34,0.0,0.0,0,0.252,0.267,0.456,0.723
David Fry,CLE,C,29,58.0,101,12,24,6,0,4,15,2,0,8,30,0.0,0.0,4,0.238,0.319,0.416,0.735
Ronny Mauricio,NYM,2B,23,26.0,101,11,25,4,0,2,9,7,0,7,31,0.0,0.0,0,0.248,0.296,0.347,0.643
Alika Williams,PIT,SS,25,46.0,101,7,20,5,0,0,6,0,0,9,35,1.0,0.0,1,0.198,0.27,0.248,0.518
Jose Herrera,ARI,C,28,43.0,101,15,21,5,0,0,7,1,0,13,30,5.0,1.0,0,0.208,0.296,0.257,0.553
Tyler Nevin,DET,3B,27,41.0,95,11,19,3,1,2,10,0,1,12,25,0.0,1.0,3,0.2,0.306,0.316,0.622
Eric Hosmer,CHC,1B,35,31.0,94,7,22,3,0,2,14,0,0,6,25,0.0,0.0,0,0.234,0.28,0.33,0.61
Alfonso Rivas,PIT,1B,28,40.0,94,6,22,8,1,3,14,1,0,7,29,1.0,1.0,3,0.234,0.305,0.436,0.741
Richie Palacios,STL,2B,27,32.0,93,9,24,6,0,6,16,2,0,6,11,1.0,1.0,1,0.258,0.307,0.516,0.823
Romy Gonzalez,CWS,2B,28,44.0,93,11,18,4,2,3,14,7,0,2,36,,1.0,0,0.194,0.208,0.376,0.584
Everson Pereira,NYY,OF,23,27.0,93,6,14,4,0,0,10,4,0,8,40,0.0,0.0,2,0.151,0.233,0.194,0.427
Jace Peterson,ARI,3B,34,41.0,93,5,17,3,2,0,9,4,1,11,24,1.0,0.0,1,0.183,0.276,0.258,0.534
Dominic Fletcher,ARI,OF,27,28.0,93,10,28,5,1,2,14,0,2,7,22,2.0,0.0,0,0.301,0.35,0.441,0.791
Nick Gordon,MIN,OF,29,34.0,91,13,16,5,1,2,7,0,0,1,11,1.0,0.0,0,0.176,0.185,0.319,0.504
Michael Chavis,WAS,2B,29,48.0,91,16,22,3,0,2,5,1,0,5,33,0.0,0.0,0,0.242,0.281,0.341,0.622
Sam Haggerty,SEA,OF,30,52.0,91,13,23,3,1,1,5,10,1,15,17,1.0,0.0,1,0.253,0.364,0.341,0.705
Jose Azocar,SD,OF,28,55.0,91,16,21,6,0,2,9,8,2,4,24,5.0,0.0,2,0.231,0.278,0.363,0.641
Jonathan Davis,MIA,OF,32,34.0,90,22,22,4,1,2,10,1,2,7,29,2.0,2.0,2,0.244,0.307,0.378,0.685
Matt Mervis,CHC,DH,26,27.0,90,8,15,2,0,3,11,0,0,8,32,0.0,0.0,1,0.167,0.242,0.289,0.531
Luis Urias,BOS,3B,27,32.0,89,13,20,4,0,2,13,0,0,14,26,0.0,0.0,5,0.225,0.361,0.337,0.698
David Fletcher,LAA,2B,30,33.0,89,7,22,1,0,2,12,0,0,7,9,1.0,0.0,0,0.247,0.302,0.326,0.628
Cade Marlowe,SEA,OF,27,34.0,88,14,21,3,2,3,11,4,2,12,33,0.0,0.0,0,0.239,0.33,0.42,0.75
Jonah Bride,OAK,1B,29,40.0,88,9,15,3,0,0,7,0,1,11,22,1.0,2.0,4,0.17,0.286,0.205,0.491
Jonathan Aranda,TB,1B,26,34.0,87,13,20,4,1,2,13,0,0,13,31,,1.0,2,0.23,0.34,0.368,0.708
Carter Kieboom,WAS,3B,27,27.0,87,12,18,2,0,4,11,0,0,6,27,0.0,0.0,1,0.207,0.266,0.368,0.634
Osleivis Basabe,TB,SS,24,31.0,87,15,19,5,0,1,12,0,1,6,25,0.0,0.0,1,0.218,0.277,0.31,0.587
Joey Bart,SF,C,28,30.0,87,9,18,5,0,0,5,0,0,3,23,0.0,1.0,4,0.207,0.263,0.264,0.527
Raimel Tapia,BOS,OF,31,39.0,87,14,23,4,1,1,10,6,1,9,19,,0.0,0,0.264,0.333,0.368,0.701
Luken Baker,STL,DH,27,33.0,86,9,18,3,0,2,10,0,0,13,31,0.0,0.0,0,0.209,0.313,0.314,0.627
Cristian Pache,PHI,OF,26,48.0,84,12,20,7,1,2,11,2,3,10,27,1.0,,0,0.238,0.319,0.417,0.736
Miguel Andujar,PIT,OF,29,30.0,84,9,21,7,0,4,18,2,0,6,13,0.0,0.0,0,0.25,0.3,0.476,0.776
Carson Kelly,ARI,C,30,33.0,84,6,19,3,0,1,6,1,0,7,23,0.0,1.0,0,0.226,0.283,0.298,0.581
David Hensley,HOU,DH,28,30.0,84,12,10,1,0,1,3,1,0,10,35,0.0,0.0,0,0.119,0.213,0.167,0.38
Ceddanne Rafaela,BOS,OF,24,28.0,83,11,20,6,0,2,5,3,1,4,28,0.0,1.0,1,0.241,0.281,0.386,0.667
Curtis Mead,TB,2B,24,24.0,83,12,21,3,1,1,5,0,0,7,21,0.0,0.0,2,0.253,0.326,0.349,0.675
Trayce Thompson,CWS,OF,33,36.0,82,5,14,2,0,1,3,2,0,9,40,0.0,0.0,1,0.171,0.261,0.232,0.493
Hunter Dozier,KC,3B,33,29.0,82,8,15,2,1,2,9,2,0,8,29,0.0,1.0,0,0.183,0.253,0.305,0.558
Hanser Alberto,CWS,2B,32,30.0,82,11,18,5,0,3,16,0,0,4,13,2.0,1.0,1,0.22,0.261,0.39,0.651
Andrew Velazquez,LAA,SS,30,54.0,81,12,14,3,0,2,3,13,3,10,30,3.0,0.0,0,0.173,0.264,0.284,0.548
Brayan Rocchio,CLE,SS,24,23.0,81,9,20,6,0,0,8,0,0,4,27,0.0,1.0,0,0.247,0.279,0.321,0.6
Brett Sullivan,SD,C,31,33.0,81,7,17,3,0,1,6,0,0,4,19,0.0,1.0,0,0.21,0.244,0.284,0.528
Curt Casali,CIN,C,36,40.0,80,8,14,2,0,0,6,0,0,11,23,3.0,0.0,2,0.175,0.29,0.2,0.49
Brandon Dixon,SD,3B,33,,79,10,16,4,0,2,9,1,0,1,31,0.0,2.0,4,0.203,0.244,0.329,0.573
Xavier Edwards,MIA,SS,25,30.0,78,12,23,3,0,0,3,5,0,3,14,2.0,0.0,1,0.295,0.329,0.333,0.662
Taylor Motter,STL,SS,35,29.0,76,3,13,3,0,0,2,0,0,5,31,0.0,0.0,1,0.171,0.232,0.211,0.443
Vidal Brujan,TB,2B,27,37.0,76,14,13,2,0,0,6,3,2,5,21,1.0,0.0,2,0.171,0.241,0.197,0.438
Wilyer Abreu,BOS,OF,25,28.0,76,10,24,6,0,2,14,3,1,9,23,0.0,0.0,0,0.316,0.388,0.474,0.862
Vaughn Grissom,ATL,2B,24,23.0,75,5,21,3,1,0,9,0,1,2,15,0.0,1.0,2,0.28,0.313,0.347,0.66
Yonathan Daza,COL,OF,30,24.0,74,8,20,6,0,0,7,1,0,3,13,1.0,1.0,1,0.27,0.304,0.351,0.655
Henry Ramos,CIN,OF,32,23.0,74,9,18,3,1,0,5,2,1,11,21,0.0,0.0,1,0.243,0.349,0.311,0.66
Ji Man Choi,PIT,1B,33,23.0,73,9,15,4,0,6,11,0,0,2,27,0.0,1.0,0,0.205,0.224,0.507,0.731
Mike Brosseau,MIL,3B,30,29.0,73,4,15,2,0,4,8,0,0,4,20,0.0,0.0,1,0.205,0.256,0.397,0.653
Conner Capel,OAK,OF,27,,73,6,19,5,0,0,3,5,3,12,25,0.0,0.0,1,0.26,0.372,0.329,0.701
Sam Hilliard,ATL,OF,31,40.0,72,15,17,5,0,3,6,4,0,6,33,0.0,0.0,0,0.236,0.295,0.431,0.726
Michael Busch,LAD,1B,27,27.0,72,9,12,3,0,2,7,1,0,8,27,,1.0,0,0.167,0.247,0.292,0.539
Nick Martini,CIN,OF,34,29.0,72,10,19,3,1,6,16,0,0,5,15,0.0,0.0,2,0.264,0.329,0.583,0.912
Trayce Thompson,LAD,OF,33,36.0,71,12,11,0,0,5,14,0,0,15,37,0.0,0.0,1,0.155,0.31,0.366,0.676
Hunter Goodman,COL,C,25,23.0,70,6,14,4,3,1,17,1,0,5,24,0.0,,0,0.2,0.247,0.386,0.633
Austin Wells,NYY,C,25,19.0,70,8,16,6,0,4,13,0,0,3,14,0.0,1.0,0,0.229,0.257,0.486,0.743
Jake Marisnick,DET,OF,33,33.0,69,9,16,3,2,2,10,2,2,3,20,1.0,,1,0.232,0.27,0.42,0.69
Aaron Hicks,NYY,OF,35,28.0,69,9,13,2,0,1,5,0,0,7,20,0.0,0.0,0,0.188,0.263,0.261,0.524
Franchy Cordero,NYY,OF,30,24.0,69,9,13,2,0,6,13,0,0,2,25,0.0,0.0,0,0.188,0.211,0.478,0.689
Luke Voit,MIL,1B,34,22.0,68,5,15,3,0,0,4,2,0,4,27,0.0,0.0,2,0.221,0.284,0.265,0.549
Ben Rortvedt,NYY,C,27,32.0,68,6,8,1,0,2,4,0,0,11,19,0.0,0.0,0,0.118,0.241,0.221,0.462
Dane Myers,MIA,OF,28,22.0,67,9,18,3,0,1,9,1,1,2,19,0.0,1.0,0,0.269,0.286,0.358,0.644
Clint Frazier,CWS,OF,30,33.0,66,10,13,1,1,0,3,4,2,10,23,0.0,0.0,0,0.197,0.303,0.242,0.545
Nicky Lopez,ATL,2B,29,26.0,65,13,18,3,0,1,12,2,0,5,10,0.0,1.0,1,0.277,0.333,0.369,0.702
Garrett Mitchell,MIL,OF,26,19.0,65,10,16,2,1,3,7,1,1,7,26,0.0,1.0,0,0.246,0.315,0.446,0.761
Danny Mendick,NYM,SS,31,35.0,65,4,12,3,0,1,4,1,0,4,15,0.0,0.0,0,0.185,0.232,0.277,0.509
Korey Lee,CWS,C,26,24.0,65,4,5,1,0,1,3,0,0,5,20,0.0,0.0,0,0.077,0.143,0.138,0.281
Jordan Luplow,MIN,OF,31,,63,10,13,3,0,2,4,2,0,9,19,0.0,0.0,1,0.206,0.315,0.349,0.664
Jon Singleton,HOU,1B,33,25.0,62,8,12,2,0,2,10,0,0,10,12,0.0,1.0,0,0.194,0.301,0.323,0.624
Jason Vosler,CIN,3B,31,20.0,62,6,10,2,1,3,10,0,0,3,25,,0.0,0,0.161,0.2,0.371,0.571
Nick Loftin,KC,1B,26,19.0,62,10,20,5,1,0,10,2,0,4,12,0.0,1.0,1,0.323,0.368,0.435,0.803
Evan Carter,TEX,OF,22,23.0,62,15,19,4,1,5,12,3,0,12,24,0.0,1.0,0,0.306,0.413,0.645,1.058
Michael Stefanic,LAA,2B,29,25.0,62,5,18,2,1,0,6,0,1,8,8,0.0,0.0,1,0.29,0.38,0.355,0.735
Colton Cowser,BAL,OF,24,26.0,61,15,7,2,0,0,4,1,0,13,22,0.0,1.0,2,0.115,0.286,0.148,0.434
Estevan Florial,NYY,OF,27,19.0,61,5,14,3,1,0,8,3,0,7,20,0.0,1.0,2,0.23,0.324,0.311,0.635
Samad Taylor,KC,2B,26,31.0,60,11,12,2,1,0,4,8,0,7,22,1.0,1.0,0,0.2,0.279,0.267,0.546
Juan Yepez,STL,1B,27,28.0,60,5,11,1,0,2,2,0,1,4,20,0.0,0.0,1,0.183,0.246,0.3,0.546
Jonathan Arauz,NYM,2B,26,27.0,59,3,8,0,0,3,9,0,0,5,18,2.0,,0,0.136,0.203,0.288,0.491
Franmil Reyes,KC,DH,29,19.0,59,5,11,0,0,2,7,0,0,4,24,0.0,2.0,0,0.186,0.231,0.288,0.519
Josh Donaldson,MIL,3B,39,17.0,59,5,10,4,0,3,11,0,0,10,18,0.0,0.0,0,0.169,0.29,0.39,0.68
Jo Adell,LAA,OF,25,17.0,58,7,12,3,1,3,6,1,0,4,25,0.0,0.0,0,0.207,0.258,0.448,0.706
Tomas Nido,NYM,C,30,22.0,56,5,7,0,0,0,1,0,0,2,18,2.0,1.0,0,0.125,0.153,0.125,0.278
Heliot Ramos,SF,OF,25,25.0,56,5,10,4,0,1,2,0,0,4,20,0.0,0.0,0,0.179,0.233,0.304,0.537
Tim Locastro,NYM,OF,32,43.0,56,13,13,3,0,2,3,6,0,3,22,2.0,0.0,6,0.232,0.338,0.393,0.731
Matt Beaty,KC,1B,31,26.0,56,7,13,4,0,0,3,0,0,6,12,0.0,0.0,5,0.232,0.358,0.304,0.662
Brad Miller,TEX,OF,35,27.0,56,8,12,4,0,1,6,0,0,10,11,0.0,1.0,0,0.214,0.328,0.339,0.667
Wade Meckler,SF,OF,24,20.0,56,6,13,1,0,0,4,0,0,6,25,0.0,0.0,2,0.232,0.328,0.25,0.578
Luis Urias,MIL,3B,27,20.0,55,5,8,2,0,1,5,0,0,7,15,0.0,0.0,5,0.145,0.299,0.236,0.535
Darick Hall,PHI,DH,29,18.0,54,2,9,1,0,1,3,0,0,2,18,0.0,0.0,0,0.167,0.196,0.241,0.437
Michael Brantley,HOU,OF,37,15.0,54,7,15,2,0,2,7,0,0,2,2,0.0,1.0,0,0.278,0.298,0.426,0.724
Nate Eaton,KC,OF,28,28.0,53,2,4,0,0,0,1,3,0,2,21,0.0,0.0,1,0.075,0.125,0.075,0.2
Bubba Thompson,TEX,OF,26,37.0,53,10,9,4,1,0,4,4,2,4,16,1.0,1.0,1,0.17,0.237,0.283,0.52
Trey Cabbage,LAA,OF,27,22.0,53,5,11,3,0,1,7,1,1,2,26,0.0,1.0,0,0.208,0.232,0.321,0.553
Mark Mathias,PIT,DH,30,22.0,52,5,12,2,0,0,4,3,0,10,11,0.0,0.0,0,0.231,0.355,0.269,0.624
Raimel Tapia,MIL,OF,31,20.0,52,10,9,0,0,2,3,2,1,6,20,1.0,1.0,1,0.173,0.267,0.288,0.555
Carson Kelly,DET,C,30,19.0,52,7,9,2,0,1,7,0,0,7,17,0.0,0.0,0,0.173,0.271,0.269,0.54
Jake Lamb,LAA,OF,34,19.0,51,7,11,1,0,2,5,0,0,3,15,0.0,0.0,0,0.216,0.259,0.353,0.612
Jose Fermin,STL,2B,25,21.0,51,2,12,1,0,0,4,0,1,6,8,2.0,0.0,2,0.235,0.339,0.255,0.594
Tyler Wade,OAK,3B,30,26.0,51,8,13,1,1,0,2,4,0,4,13,0.0,,0,0.255,0.309,0.314,0.623
Kyle Lewis,ARI,DH,29,16.0,51,2,8,2,0,1,2,0,0,3,21,0.0,0.0,0,0.157,0.204,0.255,0.459
Ernie Clement,TOR,3B,28,30.0,50,7,19,1,1,1,10,1,0,1,4,0.0,1.0,0,0.38,0.385,0.5,0.885
C.J. Cron,LAA,1B,35,15.0,50,7,10,0,0,1,5,0,0,4,15,0.0,0.0,0,0.2,0.259,0.26,0.519
Paul DeJong,SF,SS,31,18.0,49,2,9,2,0,1,5,0,0,0,16,0.0,1.0,0,0.184,0.18,0.286,0.466
Bobby Dalbec,BOS,1B,29,21.0,49,6,10,2,0,1,1,1,0,4,28,0.0,0.0,0,0.204,0.264,0.306,0.57
Terrin Vavra,BAL,2B,27,27.0,49,9,12,0,0,0,5,1,0,5,12,2.0,0.0,0,0.245,0.315,0.245,0.56
Carlos Perez,CWS,C,28,27.0,49,5,10,4,0,1,3,0,0,4,11,0.0,0.0,0,0.204,0.264,0.347,0.611
Derek Hill,WAS,OF,29,13.0,47,3,8,1,0,0,1,1,0,3,11,0.0,0.0,0,0.17,0.22,0.191,0.411
Taylor Trammell,SEA,OF,27,22.0,46,7,6,0,0,3,11,0,1,9,22,0.0,0.0,1,0.13,0.286,0.326,0.612
Paul DeJong,TOR,SS,31,13.0,44,1,3,0,0,0,1,0,0,0,18,0.0,0.0,0,0.068,0.068,0.068,0.136
Jurickson Profar,SD,OF,32,14.0,44,4,13,2,0,1,7,0,0,5,4,0.0,0.0,0,0.295,0.367,0.409,0.776
Bryce Johnson,SF,OF,29,30.0,43,7,7,1,0,1,3,3,0,4,15,0.0,1.0,0,0.163,0.229,0.256,0.485
Jared Young,CHC,1B,29,16.0,43,8,8,0,3,2,8,2,0,3,13,0.0,0.0,1,0.186,0.255,0.465,0.72
Sam Huff,TEX,C,27,21.0,43,5,11,2,0,3,6,0,0,2,17,0.0,0.0,0,0.256,0.289,0.512,0.801
Cody Thomas,OAK,OF,30,19.0,42,1,10,3,0,1,2,0,0,4,17,0.0,0.0,0,0.238,0.304,0.381,0.685
Jonny DeLuca,LAD,OF,26,24.0,42,5,11,1,0,2,6,1,0,3,8,0.0,0.0,0,0.262,0.311,0.429,0.74
TJ Hopkins,CIN,OF,28,25.0,41,7,7,0,0,0,1,1,0,2,17,0.0,0.0,1,0.171,0.227,0.171,0.398
Sandy Leon,TEX,C,35,22.0,41,4,6,2,0,0,4,0,0,1,20,1.0,0.0,1,0.146,0.186,0.195,0.381
J.P. Martinez,TEX,OF,28,17.0,40,7,9,1,0,1,4,0,0,2,16,0.0,2.0,0,0.225,0.25,0.325,0.575
Kyren Paris,LAA,SS,23,15.0,40,4,4,0,0,0,1,3,0,4,17,1.0,0.0,1,0.1,0.2,0.1,0.3
Grae Kessinger,HOU,SS,27,26.0,40,3,8,2,0,1,1,0,1,5,12,0.0,0.0,0,0.2,0.289,0.325,0.614
Spencer Horwitz,TOR,1B,27,15.0,39,5,10,2,0,1,7,0,0,4,12,0.0,0.0,1,0.256,0.341,0.385,0.726
Marco Luciano,SF,SS,23,14.0,39,4,9,3,0,0,0,1,0,6,17,0.0,0.0,0,0.231,0.333,0.308,0.641
Jordyn Adams,LAA,OF,25,17.0,39,1,5,0,0,0,1,1,2,0,16,0.0,1.0,0,0.128,0.125,0.128,0.253
Hunter Renfroe,CIN,OF,33,14.0,39,4,5,0,0,1,4,0,0,5,12,0.0,0.0,0,0.128,0.227,0.205,0.432
Sean Bouchard,COL,OF,28,21.0,38,11,12,2,0,4,7,0,1,4,14,0.0,1.0,0,0.316,0.372,0.684,1.056
Coco Montes,COL,2B,28,18.0,38,3,7,2,0,1,3,0,0,2,12,0.0,0.0,1,0.184,0.244,0.316,0.56
Dominic Canzone,ARI,OF,27,15.0,38,4,9,2,0,1,8,0,0,2,8,0.0,0.0,1,0.237,0.293,0.368,0.661
Ivan Herrera,STL,C,24,13.0,37,6,11,2,0,0,4,0,0,5,11,0.0,0.0,2,0.297,0.409,0.351,0.76
Andrew Stevenson,MIN,OF,30,25.0,37,4,7,1,0,0,1,4,1,2,8,0.0,0.0,1,0.189,0.25,0.216,0.466
Eguy Rosario,SD,3B,25,11.0,36,6,9,1,1,2,6,0,0,1,12,,0.0,0,0.25,0.27,0.5,0.77
Adam Haseley,CWS,OF,28,,36,6,8,2,0,0,2,1,0,3,8,0.0,0.0,0,0.222,0.282,0.278,0.56
Blake Rutherford,WAS,OF,27,16.0,35,4,6,0,0,0,2,0,0,1,10,0.0,0.0,0,0.171,0.194,0.171,0.365
Andre Lipcius,DET,3B,26,13.0,35,3,10,1,0,1,4,0,0,3,8,0.0,0.0,0,0.286,0.342,0.4,0.742
Junior Caminero,TB,3B,21,7.0,34,4,8,1,0,1,7,0,0,2,8,0.0,0.0,0,0.235,0.278,0.353,0.631
Joey Ortiz,BAL,3B,26,15.0,33,4,7,1,0,0,4,0,0,0,9,0.0,1.0,0,0.212,0.206,0.242,0.448
Peyton Burdick,MIA,OF,27,14.0,33,4,6,2,0,1,2,1,0,3,18,0.0,0.0,1,0.182,0.27,0.333,0.603
David Hamilton,BOS,2B,27,15.0,33,2,4,2,0,0,0,2,1,6,10,0.0,0.0,0,0.121,0.256,0.182,0.438
Tyler Fitzgerald,SF,SS,27,,32,3,7,2,0,2,5,2,0,2,10,0.0,0.0,0,0.219,0.265,0.469,0.734
Oneil Cruz,PIT,OF,26,9.0,32,7,8,1,0,1,4,3,0,7,8,0.0,1.0,0,0.25,0.375,0.375,0.75
Canaan Smith-Njigba,PIT,OF,25,15.0,32,3,4,1,1,0,5,1,0,4,16,0.0,1.0,0,0.125,0.216,0.219,0.435
Harrison Bader,CIN,OF,30,14.0,31,4,5,1,0,0,3,3,1,3,3,0.0,0.0,0,0.161,0.235,0.194,0.429
Travis Blankenhorn,WAS,3B,28,10.0,31,2,5,0,0,1,1,0,0,6,6,0.0,0.0,0,0.161,0.297,0.258,0.555
Oscar Mercado,STL,OF,30,20.0,31,3,9,3,0,0,5,2,1,1,4,0.0,0.0,0,0.29,0.313,0.387,0.7
Jorge Alfaro,COL,C,31,10.0,31,2,5,4,0,1,4,0,0,0,12,0.0,0.0,1,0.161,0.188,0.387,0.575
Ji Man Choi,SD,1B,33,16.0,31,3,2,1,0,0,2,0,0,8,8,0.0,1.0,1,0.065,0.268,0.097,0.365
Jasson Dominguez,NYY,OF,22,8.0,31,6,8,1,0,4,7,1,0,2,8,0.0,0.0,0,0.258,0.303,0.677,0.98
Jose Tena,CLE,3B,23,18.0,31,2,7,2,0,0,3,0,0,3,13,0.0,0.0,0,0.226,0.294,0.29,0.584
Jordan Lawlar,ARI,SS,22,14.0,31,2,4,0,0,0,0,1,1,2,11,0.0,0.0,1,0.129,0.206,0.129,0.335
Logan Porter,KC,C,29,11.0,31,4,6,1,0,1,3,0,0,5,11,1.0,0.0,1,0.194,0.324,0.323,0.647
Heston Kjerstad,BAL,OF,26,13.0,30,3,7,1,0,2,3,0,0,2,10,0.0,0.0,0,0.233,0.281,0.467,0.748
Kolten Wong,LAD,2B,34,20.0,30,4,9,0,0,2,8,2,1,2,7,0.0,1.0,1,0.3,0.353,0.5,0.853
Kyle Stowers,BAL,OF,27,14.0,30,1,2,0,0,0,0,0,0,3,12,0.0,0.0,0,0.067,0.152,0.067,0.219
Rodolfo Castro,PHI,2B,25,14.0,30,2,3,0,0,0,2,0,0,2,12,0.0,0.0,0,0.1,0.156,0.1,0.256
Nelson Velazquez,CHC,DH,26,13.0,29,8,7,2,0,3,6,0,0,3,8,0.0,0.0,0,0.241,0.313,0.621,0.934
Jon Singleton,MIL,1B,33,11.0,29,3,3,1,0,0,2,0,0,3,11,0.0,0.0,0,0.103,0.188,0.138,0.326
Tyler Heineman,TOR,C,33,19.0,29,4,8,1,1,0,3,0,0,7,7,0.0,0.0,1,0.276,0.432,0.379,0.811
Kyle Garlick,MIN,OF,33,14.0,28,2,5,1,0,2,4,0,0,2,11,,0.0,0,0.179,0.233,0.429,0.662
Edwin Rios,CHC,1B,30,,28,3,2,1,0,1,2,0,0,5,16,0.0,0.0,1,0.071,0.235,0.214,0.449
Drew Millas,WAS,C,27,11.0,28,1,8,2,0,1,6,0,0,4,5,1.0,0.0,0,0.286,0.375,0.464,0.839
Nathan Lukes,TOR,OF,30,29.0,26,4,5,1,1,0,2,0,0,4,9,0.0,1.0,0,0.192,0.29,0.308,0.598
Bligh Madris,HOU,OF,28,12.0,26,4,4,1,0,0,0,0,0,4,7,0.0,0.0,0,0.154,0.267,0.192,0.459
Darin Ruf,MIL,DH,38,11.0,26,2,5,1,0,0,0,0,0,4,7,0.0,0.0,0,0.192,0.3,0.231,0.531
Chris Owings,PIT,2B,33,,25,0,4,0,0,0,0,0,0,0,12,0.0,0.0,0,0.16,0.16,0.16,0.32
Austin Hedges,TEX,C,32,17.0,24,1,5,0,0,0,2,0,0,0,8,1.0,0.0,0,0.208,0.208,0.208,0.416
Dalton Guthrie,PHI,OF,29,23.0,24,4,4,1,0,0,0,0,0,3,7,0.0,0.0,1,0.167,0.286,0.208,0.494
Buddy Kennedy,ARI,3B,26,10.0,24,1,4,1,0,0,1,0,0,4,6,0.0,,1,0.167,0.31,0.208,0.518
Drew Ellis,PHI,3B,29,12.0,23,4,5,0,0,2,4,0,1,6,7,0.0,0.0,0,0.217,0.379,0.478,0.857
Greg Allen,NYY,OF,31,22.0,23,6,5,1,1,1,1,3,1,2,10,,0.0,2,0.217,0.333,0.478,0.811
Brian Serven,COL,C,29,11.0,23,0,3,1,0,0,1,0,0,0,10,0.0,0.0,0,0.13,0.13,0.174,0.304
Darin Ruf,SF,DH,38,9.0,23,1,6,2,0,0,3,0,0,4,9,0.0,0.0,0,0.261,0.37,0.348,0.718
Cooper Hummel,SEA,DH,30,10.0,23,2,2,1,0,0,0,1,0,2,9,0.0,0.0,1,0.087,0.192,0.13,0.322
Josh Lester,BAL,1B,30,11.0,22,0,4,0,0,0,4,0,0,1,7,0.0,0.0,0,0.182,0.217,0.182,0.399
Yonny Hernandez,LAD,3B,26,14.0,22,5,3,1,0,0,4,0,0,2,8,1.0,1.0,1,0.136,0.231,0.182,0.413
Tommy La Stella,SEA,DH,36,12.0,21,2,4,1,0,0,2,0,0,3,5,0.0,0.0,0,0.19,0.292,0.238,0.53
Austin Meadows,DET,OF,29,6.0,21,0,5,1,0,0,2,0,0,0,3,0.0,0.0,0,0.238,0.238,0.286,0.524
Luis Torrens,CHC,C,28,13.0,20,1,5,1,0,0,3,0,0,1,8,0.0,0.0,1,0.25,0.318,0.3,0.618
Juniel Querecuto,STL,2B,32,9.0,20,2,2,1,0,0,0,0,0,1,6,0.0,0.0,0,0.1,0.143,0.15,0.293
Brian O'Keefe,SEA,C,31,8.0,19,0,2,2,0,0,2,0,0,2,7,0.0,0.0,0,0.105,0.19,0.211,0.401
Isan Diaz,SF,2B,28,6.0,19,0,1,0,0,0,1,0,0,2,7,0.0,0.0,0,0.053,0.143,0.053,0.196
Johan Camargo,SF,2B,31,8.0,18,0,4,0,0,0,2,0,0,1,4,0.0,0.0,1,0.222,0.3,0.222,0.522
Abraham Toro,MIL,3B,28,9.0,18,4,8,0,0,2,9,0,0,2,5,0.0,0.0,1,0.444,0.524,0.778,1.302
Ryan Kreidler,DET,SS,27,11.0,18,2,2,0,0,0,0,0,0,0,7,0.0,0.0,0,0.111,0.111,0.111,0.222
Vinny Capra,PIT,3B,28,9.0,18,3,3,1,0,0,1,0,0,2,5,1.0,0.0,0,0.167,0.25,0.222,0.472
Cesar Salazar,HOU,C,28,13.0,18,1,2,0,0,0,0,0,0,1,6,0.0,0.0,0,0.111,0.158,0.111,0.269
Alexander Canario,CHC,OF,24,6.0,17,1,5,1,1,1,6,0,0,0,8,0.0,0.0,0,0.294,0.294,0.647,0.941
Jorge Alfaro,BOS,C,31,8.0,17,0,2,0,0,0,0,0,0,2,3,0.0,0.0,1,0.118,0.25,0.118,0.368
Weston Wilson,PHI,OF,30,8.0,16,5,5,0,0,1,2,3,1,6,5,0.0,0.0,0,0.313,0.5,0.5,1.0
Chadwick Tromp,ATL,C,29,6.0,16,1,2,1,0,0,1,0,0,0,7,0.0,0.0,0,0.125,0.125,0.188,0.313
Alfonso Rivas,SD,1B,28,,15,2,3,2,0,0,1,0,0,2,7,0.0,0.0,0,0.2,0.294,0.333,0.627
Abraham Almonte,NYM,OF,35,8.0,15,1,1,1,0,0,0,0,0,1,8,0.0,0.0,0,0.067,0.125,0.133,0.258
Ben Gamel,SD,OF,32,6.0,15,2,3,1,0,0,2,0,0,0,2,0.0,0.0,0,0.2,0.2,0.267,0.467
Roberto Perez,SF,C,36,5.0,15,0,2,0,0,0,1,0,0,2,6,0.0,0.0,0,0.133,0.235,0.133,0.368
Jordan Luplow,TOR,OF,31,7.0,14,1,3,0,0,0,1,0,0,3,8,0.0,0.0,0,0.214,0.353,0.214,0.567
Eli White,ATL,OF,30,6.0,14,1,1,0,0,0,0,0,0,2,7,0.0,0.0,1,0.071,0.235,0.071,0.306
Seby Zavala,ARI,C,31,7.0,14,2,5,1,0,0,2,0,0,2,2,0.0,0.0,1,0.357,0.471,0.429,0.9
Pete Crow-Armstrong,CHC,OF,22,13.0,14,3,0,0,0,0,1,2,2,3,7,2.0,0.0,0,0.0,0.176,0.0,0.176
Taylor Kohlwey,SD,OF,30,5.0,13,0,2,0,0,0,0,0,0,0,5,0.0,0.0,0,0.154,0.154,0.154,0.308
Forrest Wall,ATL,OF,29,15.0,13,6,6,2,0,1,2,5,1,2,4,0.0,0.0,0,0.462,0.533,0.846,1.379
Manny Pina,OAK,C,37,4.0,12,1,3,0,0,1,1,0,0,0,3,0.0,0.0,0,0.25,0.25,0.5,0.75
Austin Wynns,LAD,C,34,5.0,11,0,2,1,0,0,2,0,0,1,5,0.0,0.0,0,0.182,0.25,0.273,0.523
Anthony Bemboom,BAL,C,35,6.0,11,0,2,0,0,0,0,0,0,2,2,0.0,0.0,0,0.182,0.308,0.182,0.49
Irving Lopez,STL,2B,29,5.0,11,0,0,0,0,0,1,0,0,0,5,0.0,1.0,0,0.0,0.0,0.0,0.0
Eric Haase,CLE,C,32,3.0,10,0,2,0,0,0,0,1,0,1,3,0.0,0.0,0,0.2,0.273,0.2,0.473
Ehire Adrianza,ATL,OF,35,5.0,10,0,0,0,0,0,0,0,0,1,4,0.0,0.0,0,0.0,0.091,0.0,0.091
Mark Mathias,SF,DH,30,5.0,10,1,2,0,0,0,2,0,0,0,4,0.0,0.0,0,0.2,0.2,0.2,0.4
Luke Williams,LAD,SS,28,4.0,10,0,1,0,0,0,0,1,0,0,3,0.0,,0,0.1,0.1,0.1,0.2
Jahmai Jones,MIL,DH,27,7.0,10,2,2,1,0,0,3,1,0,1,5,0.0,0.0,0,0.2,0.273,0.3,0.573
Luke Williams,ATL,SS,28,7.0,9,1,0,0,0,0,0,3,0,0,4,0.0,0.0,0,0.0,0.0,0.0,0.0
Tyler Heineman,PIT,C,33,3.0,9,1,1,0,0,0,0,1,0,1,1,0.0,0.0,0,0.111,0.2,0.111,0.311
Raimel Tapia,TB,OF,31,5.0,9,4,3,0,0,0,0,2,0,2,1,0.0,0.0,0,0.333,0.455,0.333,0.788
David Dahl,SD,OF,30,4.0,9,1,1,0,0,1,1,0,0,0,2,0.0,0.0,0,0.111,0.111,0.444,0.555
Cal Stevenson,SF,OF,28,6.0,9,1,0,0,0,0,0,0,0,3,2,0.0,0.0,0,0.0,0.25,0.0,0.25
Jacob Amaya,MIA,SS,26,4.0,9,1,2,0,0,0,2,1,0,0,1,0.0,0.0,0,0.222,0.222,0.222,0.444
Livan Soto,LAA,SS,24,,9,2,2,0,0,0,0,0,0,3,2,0.0,0.0,0,0.222,0.417,0.222,0.639
Tyler Naquin,CWS,OF,33,5.0,8,0,0,0,0,0,0,0,0,0,7,0.0,0.0,0,0.0,0.0,0.0,0.0
Luis Torrens,SEA,C,28,5.0,8,0,2,2,0,0,1,0,0,0,1,0.0,0.0,0,0.25,0.25,0.5,0.75
Michael Perez,NYM,C,32,3.0,8,1,4,1,0,0,0,0,0,0,1,0.0,0.0,0,0.5,0.5,0.625,1.125
Cole Tucker,COL,OF,28,5.0,8,2,4,0,0,0,2,0,0,1,2,0.0,0.0,1,0.5,0.6,0.5,1.1
Kevin Padlo,LAA,3B,28,3.0,8,1,1,1,0,0,0,0,0,0,0,0.0,0.0,0,0.125,0.125,0.25,0.375
Jonathan Ornelas,TEX,SS,24,8.0,7,2,1,0,0,0,0,0,0,0,4,0.0,0.0,1,0.143,0.25,0.143,0.393
Rylan Bannon,HOU,3B,28,2.0,6,0,0,0,0,0,0,0,0,0,3,0.0,0.0,0,0.0,0.0,0.0,0.0
Drew Maggi,PIT,3B,35,3.0,6,1,2,1,0,0,1,0,0,0,1,0.0,0.0,0,0.333,0.333,0.5,0.833
Adam Engel,SD,OF,33,5.0,6,0,0,0,0,0,0,0,1,0,2,0.0,0.0,0,0.0,0.0,0.0,0.0
AJ Pollock,SF,OF,37,5.0,6,0,0,0,0,0,0,0,0,0,2,0.0,0.0,0,0.0,0.0,0.0,0.0
Gary Sanchez,NYM,C,32,3.0,6,0,1,0,0,0,1,0,0,0,3,0.0,1.0,0,0.167,0.143,0.167,0.31
Tyler Cropley,KC,C,29,2.0,6,0,1,0,0,0,1,0,0,0,2,0.0,1.0,0,0.167,0.143,0.167,0.31
Cam Eden,TOR,OF,26,5.0,6,1,1,0,0,0,0,0,0,0,2,0.0,0.0,0,0.167,0.167,0.167,0.334
Caleb Hamilton,BOS,C,30,4.0,5,0,0,0,0,0,0,0,0,1,5,0.0,0.0,0,0.0,0.167,0.0,0.167
Jake Marisnick,LAD,OF,33,4.0,5,0,2,0,0,0,0,0,1,0,0,0.0,0.0,1,0.4,0.5,0.4,0.9
Matt Reynolds,CIN,3B,34,2.0,5,1,1,0,0,0,0,0,0,0,3,0.0,0.0,0,0.2,0.2,0.2,0.4
Isan Diaz,DET,2B,28,2.0,5,0,0,0,0,0,0,0,0,0,2,0.0,0.0,0,0.0,0.0,0.0,0.0
Tristan Gray,TB,1B,28,2.0,5,1,2,0,0,1,1,0,0,0,0,0.0,0.0,0,0.4,0.4,1.0,1.4
Michael Siani,STL,OF,25,5.0,5,0,0,0,0,0,0,1,0,0,1,0.0,0.0,0,0.0,0.0,0.0,0.0
Matt Beaty,SF,1B,31,4.0,5,1,1,0,0,0,1,0,0,0,2,0.0,0.0,0,0.2,0.2,0.2,0.4
Jeter Downs,WAS,SS,26,6.0,5,4,2,0,0,0,1,2,0,4,1,0.0,0.0,0,0.4,0.667,0.4,1.067
Cal Mitchell,PIT,OF,26,2.0,4,0,0,0,0,0,0,0,0,1,1,0.0,0.0,0,0.0,0.2,0.0,0.2
Connor Kaiser,COL,SS,28,3.0,4,0,0,0,0,0,0,0,0,0,2,0.0,0.0,0,0.0,0.0,0.0,0.0
Braden Shewmake,ATL,SS,27,2.0,4,0,0,0,0,0,0,0,0,0,1,0.0,,0,0.0,0.0,0.0,0.0
Zack Collins,CLE,C,30,2.0,4,0,2,0,0,0,0,0,0,2,2,0.0,0.0,0,0.5,0.667,0.5,1.167
Meibrys Viloria,CLE,C,28,10.0,3,0,0,0,0,0,0,0,0,1,0,0.0,0.0,0,0.0,0.25,0.0,0.25
Austin Wynns,SF,C,34,1.0,2,0,0,0,0,0,0,0,0,0,2,0.0,0.0,0,0.0,0.0,0.0,0.0
Tres Barrera,STL,C,30,,2,0,0,0,0,0,0,0,0,0,0,0.0,0.0,0,0.0,0.0,0.0,0.0
Chris Okey,LAA,C,30,2.0,2,0,0,0,0,0,0,0,0,0,2,,0.0,0,0.0,0.0,0.0,0.0
Jake Marisnick,CWS,OF,33,9.0,2,1,0,0,0,0,0,0,0,0,1,0.0,0.0,0,0.0,0.0,0.0,0.0
Billy Hamilton,CWS,OF,34,3.0,2,2,0,0,0,0,0,2,0,0,1,0.0,0.0,0,0.0,0.0,0.0,0.0
Alejo Lopez,CIN,2B,28,1.0,2,1,1,1,0,0,1,0,0,0,1,0.0,0.0,0,0.5,0.5,1.0,1.5
Chandler Seagle,SD,C,28,1.0,1,0,0,0,0,0,0,0,0,0,0,0.0,,0,0.0,0.0,0.0,0.0
Diego A. Castillo,ARI,OF,27,1.0,1,0,0,0,0,0,0,0,0,0,0,0.0,0.0,0,0.0,0.0,0.0,0.0
Mason McCoy,TOR,SS,29,6.0,1,2,0,0,0,0,0,0,0,0,1,0.0,0.0,0,0.0,0.0,0.0,0.0
Michael Siani,CIN,OF,25,3.0,0,1,0,0,0,0,0,0,1,1,0,0.0,0.0,0,0.0,1.0,0.0,1.0
