Player,Year,Pos,Age,G,PA,AB,R,H,2B,3B,HR,RBI,SB,CS,BB,SO,SH,SF,HBP,AVG,OBP,SLG,OPS,Team
Aaron Hicks,2023,OF,35,78,312,269,44,68,9,1,8,36,6,0,42,69,0,1,0,0.253,0.353,0.383,0.736,LAA
Aaron Judge,2023,OF,32,115,458,367,79,98,16,0,37,75,3,1,88,130,0,3,0,0.267,0.406,0.613,1.0190000000000001,NYY
Adam Duvall,2023,OF,36,89,353,320,45,79,24,2,21,58,4,0,22,110,0,5,6,0.247,0.303,0.531,0.8340000000000001,ATL
Adam Frazier,2023,2B,33,113,450,412,59,99,21,2,13,60,11,4,32,68,4,2,4,0.24,0.3,0.396,0.696,KC
Adley Rutschman,2023,C,27,162,687,588,84,163,31,1,20,80,1,2,92,101,0,5,2,0.277,0.374,0.435,0.8089999999999999,BAL
Adolis Garcia,2023,OF,31,158,632,555,108,136,29,0,39,107,9,1,65,175,0,6,6,0.245,0.328,0.508,0.8360000000000001,TEX
Akil Baddoo,2023,OF,26,89,355,312,40,68,13,1,11,34,14,3,42,89,2,1,0,0.218,0.31,0.372,0.6819999999999999,DET
Alan Trejo,2023,SS,28,57,226,207,24,48,11,0,4,26,5,1,16,51,1,2,1,0.232,0.288,0.343,0.631,COL
Alec Bohm,2023,3B,28,153,611,558,74,153,31,0,20,97,4,1,42,94,0,6,5,0.274,0.327,0.437,0.764,PHI
Alec Burleson,2023,OF,26,86,343,315,34,77,20,1,8,36,3,1,23,45,1,2,3,0.244,0.3,0.39,0.69,STL
Aledmys Diaz,2023,SS,34,86,343,315,25,72,20,1,4,24,1,0,17,66,1,4,7,0.229,0.28,0.337,0.617,HOU
Alejandro Kirk,2023,C,26,106,422,372,34,93,16,0,8,43,0,0,42,45,0,2,6,0.25,0.334,0.358,0.692,TOR
Alek Thomas,2023,OF,24,100,400,374,51,86,17,5,9,39,9,1,19,86,2,3,4,0.23,0.272,0.374,0.646,ARI
Alex Bregman,2023,3B,30,162,724,622,103,163,28,4,25,98,3,1,92,87,0,2,8,0.262,0.363,0.441,0.804,HOU
Alex Call,2023,OF,30,109,436,375,43,75,14,1,8,38,9,8,53,78,3,2,6,0.2,0.307,0.307,0.614,WSH
Alex Kirilloff,2023,OF,27,80,319,281,35,76,14,1,11,41,1,0,28,80,0,3,7,0.27,0.348,0.445,0.7929999999999999,MIN
Alex Verdugo,2023,OF,28,151,602,546,81,144,37,5,13,54,5,3,45,93,0,5,6,0.264,0.324,0.421,0.745,NYY
Alika Williams,2023,SS,25,28,111,101,7,20,5,0,0,6,0,0,9,35,1,0,1,0.198,0.27,0.248,0.518,PIT
Amed Rosario,2023,2B,29,137,545,510,70,134,25,8,6,58,15,2,29,99,0,3,3,0.263,0.305,0.378,0.683,LAD
Andres Gimenez,2023,2B,26,153,612,557,76,140,27,5,15,62,30,6,32,112,4,3,20,0.251,0.314,0.399,0.7130000000000001,CLE
Andrew Benintendi,2023,OF,30,155,620,562,72,147,34,2,5,45,13,2,52,89,1,3,3,0.262,0.326,0.356,0.6819999999999999,CWS
Andrew Knizner,2023,C,30,60,240,224,30,54,11,0,10,31,2,0,12,62,1,1,3,0.241,0.288,0.424,0.712,TEX
Andrew McCutchen,2023,DH,38,119,473,390,55,100,19,0,12,43,11,3,75,100,0,4,4,0.256,0.378,0.397,0.775,PIT
Andrew Vaughn,2023,1B,26,154,615,566,67,146,30,2,21,80,0,0,36,129,0,2,11,0.258,0.314,0.429,0.743,CWS
Andruw Monasterio,2023,2B,27,79,315,282,38,73,14,1,3,27,7,2,28,66,0,2,3,0.259,0.33,0.348,0.6779999999999999,MIL
Andy Ibanez,2023,2B,31,96,382,356,42,94,23,2,11,41,1,0,24,69,1,1,1,0.264,0.312,0.433,0.745,DET
Anthony Rendon,2023,3B,34,46,183,148,23,35,6,0,2,22,2,0,25,27,0,4,6,0.236,0.361,0.318,0.679,LAA
Anthony Rizzo,2023,1B,35,106,421,373,45,91,14,0,12,41,0,3,35,97,0,1,12,0.244,0.328,0.378,0.706,NYY
Anthony Santander,2023,OF,30,162,656,591,81,152,41,1,28,95,5,1,55,152,0,4,6,0.257,0.325,0.472,0.7969999999999999,BAL
Anthony Volpe,2023,SS,23,150,600,541,62,113,23,4,21,60,24,5,52,167,1,2,5,0.209,0.283,0.383,0.6659999999999999,NYY
Austin Barnes,2023,C,35,50,199,178,15,32,5,0,2,11,2,1,17,43,1,2,2,0.18,0.256,0.242,0.498,LAD
Austin Hays,2023,OF,29,142,566,520,76,143,36,2,16,67,5,1,38,141,0,5,3,0.275,0.325,0.444,0.769,PHI
Austin Hedges,2023,C,32,51,201,185,14,34,5,0,1,16,1,0,11,47,10,3,2,0.184,0.234,0.227,0.461,CLE
Austin Riley,2023,3B,27,162,715,636,117,179,32,3,37,97,3,1,59,172,0,11,9,0.281,0.345,0.516,0.861,ATL
Austin Slater,2023,OF,32,52,207,185,24,50,9,0,5,20,2,2,20,58,0,0,2,0.27,0.348,0.4,0.748,CIN
Austin Wynns,2023,C,34,36,142,130,11,27,6,0,1,10,1,0,9,39,3,1,2,0.208,0.268,0.277,0.545,CIN
Avisail Garcia,2023,OF,33,29,116,108,8,20,3,1,3,12,2,0,6,39,0,0,2,0.185,0.241,0.315,0.556,MIA
Billy McKinney,2023,OF,30,37,147,128,19,29,3,1,6,14,1,0,17,39,0,1,1,0.227,0.32,0.406,0.726,PIT
Blake Perkins,2023,OF,28,42,166,143,28,31,7,0,4,20,5,2,23,46,2,0,0,0.217,0.325,0.35,0.675,MIL
Blake Sabol,2023,C,27,86,342,310,36,73,10,0,13,44,4,2,24,117,2,2,6,0.235,0.301,0.394,0.6950000000000001,SF
Bo Bichette,2023,SS,26,151,601,571,69,175,30,3,20,73,5,3,27,115,0,1,2,0.306,0.339,0.475,0.8140000000000001,TOR
Bo Naylor,2023,C,25,58,230,198,33,47,13,0,11,32,5,0,30,53,0,1,1,0.237,0.339,0.47,0.8089999999999999,CLE
Bobby Witt,2023,SS,24,162,693,641,97,177,28,11,30,96,49,15,40,121,1,8,4,0.276,0.319,0.495,0.8140000000000001,KC
Brandon Crawford,2023,SS,38,80,319,283,31,55,11,1,7,38,3,0,28,81,1,4,4,0.194,0.273,0.314,0.587,STL
Brandon Drury,2023,2B,32,131,523,485,61,127,30,3,26,83,0,2,25,136,0,5,8,0.262,0.306,0.497,0.8029999999999999,LAA
Brandon Lowe,2023,2B,30,109,436,377,58,87,15,1,21,68,7,0,50,119,0,3,6,0.231,0.328,0.443,0.771,TB
Brandon Marsh,2023,OF,27,118,471,404,58,112,25,6,12,60,10,2,59,144,1,4,4,0.277,0.372,0.458,0.8300000000000001,PHI
Brandon Nimmo,2023,OF,31,162,681,592,89,162,30,6,24,68,3,3,74,146,1,4,11,0.274,0.363,0.466,0.829,NYM
Brayan Rocchio,2023,SS,24,22,86,81,9,20,6,0,0,8,0,0,4,27,0,1,0,0.247,0.279,0.321,0.6000000000000001,CLE
Brendan Donovan,2023,2B,28,93,370,327,48,93,10,1,11,34,5,1,33,53,1,1,9,0.284,0.365,0.422,0.7869999999999999,STL
Brendan Rodgers,2023,2B,28,48,192,178,21,46,9,1,4,20,0,0,11,41,0,0,3,0.258,0.312,0.388,0.7,COL
Brent Rooker,2023,DH,30,132,526,463,61,114,20,1,30,69,4,0,49,172,0,4,10,0.246,0.329,0.488,0.817,OAK
Brenton Doyle,2023,OF,26,107,428,399,48,81,16,5,10,48,22,5,22,151,3,3,4,0.203,0.25,0.343,0.593,COL
Brett Baty,2023,3B,25,97,385,353,41,75,12,0,9,34,2,0,29,109,1,1,2,0.212,0.275,0.323,0.5980000000000001,NYM
Brett Sullivan,2023,C,31,22,86,81,7,17,3,0,1,6,0,0,4,19,0,1,0,0.21,0.244,0.284,0.528,SD
Brett Wisely,2023,2B,25,33,130,120,10,21,5,0,2,8,2,1,9,40,1,1,0,0.175,0.231,0.267,0.498,SF
Brian Anderson,2023,3B,31,91,361,318,38,72,12,3,9,40,1,3,36,108,0,3,4,0.226,0.31,0.368,0.6779999999999999,ATL
Brice Turang,2023,2B,25,112,445,404,46,88,9,3,6,34,26,4,38,94,3,2,1,0.218,0.285,0.3,0.585,MIL
Bryan De La Cruz,2023,OF,28,157,625,579,60,149,32,0,19,78,4,1,40,142,0,5,1,0.257,0.304,0.411,0.715,PIT
Bryan Reynolds,2023,OF,30,160,640,574,85,151,31,5,24,84,12,1,53,138,0,6,7,0.263,0.33,0.46,0.79,PIT
Bryce Harper,2023,1B,32,137,546,457,84,134,29,1,21,72,11,3,80,119,0,4,5,0.293,0.401,0.499,0.9,PHI
Bryson Stott,2023,2B,27,160,639,585,78,164,32,2,15,62,31,3,39,100,1,8,7,0.28,0.329,0.419,0.748,PHI
Byron Buxton,2023,DH,31,87,347,304,49,63,17,1,17,42,9,0,35,109,0,4,4,0.207,0.294,0.438,0.732,MIN
CJ Abrams,2023,SS,24,153,611,563,83,138,28,6,18,64,47,4,32,118,3,3,13,0.245,0.3,0.412,0.712,WSH
Cade Marlowe,2023,OF,27,25,100,88,14,21,3,2,3,11,4,2,12,33,0,0,0,0.239,0.33,0.42,0.75,SEA
Cal Raleigh,2023,C,28,143,569,513,78,119,23,1,30,75,0,0,54,158,0,1,1,0.232,0.306,0.456,0.762,SEA
Carlos Correa,2023,SS,30,145,580,514,60,118,29,2,18,65,0,0,59,131,0,3,4,0.23,0.312,0.399,0.7110000000000001,MIN
Carlos Santana,2023,1B,38,156,619,550,78,132,33,1,23,86,6,0,65,104,0,4,0,0.24,0.318,0.429,0.747,MIN
Carson Kelly,2023,C,30,38,151,136,13,28,5,0,2,13,1,0,14,40,0,1,0,0.206,0.278,0.287,0.565,TEX
Casey Schmitt,2023,2B,25,69,274,253,28,52,15,0,5,30,2,1,13,65,3,3,5,0.206,0.255,0.324,0.579,SF
Cavan Biggio,2023,2B,29,85,338,289,54,68,12,0,9,40,5,2,40,88,0,2,7,0.235,0.34,0.37,0.71,ATL
Ceddanne Rafaela,2023,OF,24,23,89,83,11,20,6,0,2,5,3,1,4,28,0,1,1,0.241,0.281,0.386,0.667,BOS
Cedric Mullins,2023,OF,30,113,452,404,51,94,23,3,15,74,19,3,43,101,3,4,1,0.233,0.305,0.416,0.721,BAL
Charlie Blackmon,2023,OF,38,104,413,359,57,100,24,5,8,40,4,1,39,55,0,4,11,0.279,0.363,0.44,0.8029999999999999,COL
Chas McCormick,2023,OF,29,114,456,403,59,110,17,2,22,70,19,6,40,117,1,2,11,0.273,0.353,0.489,0.842,HOU
Chris Taylor,2023,2B,34,96,384,338,51,80,15,1,15,56,16,3,41,125,0,1,4,0.237,0.326,0.42,0.746,LAD
Christian Bethancourt,2023,C,33,83,331,315,49,71,16,0,11,33,1,0,13,91,1,3,0,0.225,0.254,0.381,0.635,CHC
Christian Encarnacion-Strand,2023,1B,25,61,241,222,29,60,7,0,13,37,2,0,14,69,0,0,5,0.27,0.328,0.477,0.8049999999999999,CIN
Christian Vazquez,2023,C,34,89,354,327,34,73,13,0,6,32,1,0,25,82,1,1,1,0.223,0.28,0.318,0.5980000000000001,MIN
Christian Walker,2023,1B,33,162,660,582,86,150,36,2,33,103,11,0,62,127,0,8,8,0.258,0.333,0.497,0.8300000000000001,ARI
Christian Yelich,2023,OF,33,158,632,550,106,153,34,1,19,76,28,3,78,140,0,1,3,0.278,0.37,0.447,0.817,MIL
Christopher Morel,2023,2B,25,107,428,388,62,96,17,3,26,70,6,2,36,133,1,2,2,0.247,0.313,0.508,0.821,TB
Cody Bellinger,2023,OF,29,139,556,499,95,153,29,1,26,97,20,6,40,87,0,12,5,0.307,0.356,0.525,0.881,CHC
Conner Capel,2023,OF,27,22,86,73,6,19,5,0,0,3,5,3,12,25,0,0,1,0.26,0.372,0.329,0.7010000000000001,CIN
Connor Joe,2023,OF,32,118,472,413,63,102,31,4,11,42,3,5,50,110,0,1,8,0.247,0.339,0.421,0.76,PIT
Connor Wong,2023,C,28,100,400,371,55,87,25,2,9,36,8,2,22,134,3,1,6,0.235,0.288,0.385,0.673,BOS
Corbin Carroll,2023,OF,24,160,639,565,116,161,30,10,25,76,54,5,57,125,0,4,13,0.285,0.362,0.506,0.868,ARI
Corey Julks,2023,OF,28,81,323,298,35,73,14,0,6,33,15,3,22,75,0,2,1,0.245,0.297,0.352,0.649,CWS
Corey Seager,2023,SS,30,134,536,477,88,156,42,0,33,96,2,1,49,88,0,6,4,0.327,0.39,0.623,1.013,TEX
Cristian Pache,2023,OF,26,24,94,84,12,20,7,1,2,11,2,3,10,27,1,0,0,0.238,0.319,0.417,0.736,BAL
Curt Casali,2023,C,36,24,93,80,8,14,2,0,0,6,0,0,11,23,3,0,2,0.175,0.29,0.2,0.49,SF
Curtis Mead,2023,2B,24,23,92,83,12,21,3,1,1,5,0,0,7,21,0,0,2,0.253,0.326,0.349,0.675,TB
DJ LeMahieu,2023,3B,36,141,562,497,55,121,22,3,15,44,2,2,60,125,0,2,3,0.243,0.327,0.39,0.7170000000000001,NYY
DJ Stewart,2023,OF,31,46,183,160,21,39,9,0,11,26,1,1,15,56,1,1,7,0.244,0.333,0.506,0.839,NYM
Dairon Blanco,2023,OF,31,34,136,124,19,32,7,4,3,18,24,5,10,33,2,0,2,0.258,0.324,0.452,0.776,KC
Daniel Vogelbach,2023,DH,32,80,319,275,33,64,8,0,13,48,0,0,42,81,0,0,2,0.233,0.339,0.404,0.7430000000000001,TOR
Danny Jansen,2023,C,29,76,301,268,38,61,15,0,17,53,0,0,23,62,0,0,10,0.228,0.312,0.474,0.786,BOS
Dansby Swanson,2023,SS,31,160,638,565,81,138,25,3,22,80,9,1,66,154,0,2,5,0.244,0.328,0.416,0.744,CHC
Daulton Varsho,2023,OF,28,145,579,527,65,116,23,3,20,61,16,7,45,135,1,3,4,0.22,0.285,0.389,0.6739999999999999,TOR
David Fletcher,2023,2B,30,24,96,89,7,22,1,0,2,12,0,0,7,9,1,0,0,0.247,0.302,0.326,0.628,ATL
David Fry,2023,C,29,29,113,101,12,24,6,0,4,15,2,0,8,30,0,0,4,0.238,0.319,0.416,0.735,CLE
David Hensley,2023,DH,28,24,94,84,12,10,1,0,1,3,1,0,10,35,0,0,0,0.119,0.213,0.167,0.38,MIA
David Peralta,2023,OF,37,106,422,394,47,102,25,1,7,55,4,1,20,72,0,6,2,0.259,0.294,0.381,0.675,SD
David Villar,2023,2B,28,35,140,124,15,18,6,0,5,12,1,1,11,45,0,1,4,0.145,0.236,0.315,0.5509999999999999,SF
Davis Schneider,2023,2B,26,36,141,116,23,32,12,1,8,20,1,0,21,43,0,0,4,0.276,0.404,0.603,1.0070000000000001,TOR
Dominic Canzone,2023,OF,27,47,182,173,23,38,13,0,6,21,1,0,8,32,0,0,1,0.22,0.258,0.399,0.657,SEA
Dominic Fletcher,2023,OF,27,25,100,93,10,28,5,1,2,14,0,2,7,22,2,0,0,0.301,0.35,0.441,0.7909999999999999,CWS
Dominic Smith,2023,1B,29,146,584,527,57,134,21,1,12,46,1,1,47,91,0,0,10,0.254,0.327,0.366,0.6930000000000001,CIN
Donovan Solano,2023,2B,37,113,450,394,43,111,26,1,5,38,0,0,40,100,0,1,15,0.282,0.369,0.391,0.76,SD
Drew Waters,2023,OF,26,85,337,302,40,69,11,5,8,32,16,5,27,107,0,3,5,0.228,0.3,0.377,0.677,KC
Dylan Carlson,2023,OF,26,64,255,219,27,48,8,1,5,27,3,0,26,49,0,3,7,0.219,0.318,0.333,0.651,TB
Dylan Moore,2023,2B,32,42,165,145,18,30,9,1,7,19,7,3,16,56,0,0,4,0.207,0.303,0.428,0.731,SEA
Eddie Rosario,2023,OF,33,129,515,478,64,122,24,3,21,74,3,4,34,122,1,2,1,0.255,0.305,0.45,0.755,ATL
Edmundo Sosa,2023,SS,28,75,297,279,34,70,15,2,10,30,4,2,8,74,2,1,9,0.251,0.293,0.427,0.72,PHI
Edouard Julien,2023,2B,25,102,407,338,60,89,16,1,16,37,3,0,64,128,1,3,2,0.263,0.381,0.459,0.8400000000000001,MIN
Edward Olivares,2023,OF,28,97,385,354,47,93,23,4,12,36,11,5,22,64,0,2,7,0.263,0.317,0.452,0.769,PIT
Elehuris Montero,2023,3B,26,77,307,284,40,69,15,2,11,39,0,0,15,111,0,3,5,0.243,0.29,0.426,0.716,COL
Elias Diaz,2023,C,34,132,526,486,48,130,25,1,14,72,1,0,34,118,0,4,2,0.267,0.316,0.409,0.725,SD
Elly De La Cruz,2023,SS,23,107,426,388,67,91,15,7,13,44,35,8,35,144,1,1,2,0.235,0.3,0.41,0.71,CIN
Eloy Jimenez,2023,DH,28,123,489,456,50,124,23,0,18,64,0,0,30,93,0,2,1,0.272,0.317,0.441,0.758,BAL
Emmanuel Rivera,2023,3B,28,71,283,257,32,67,13,0,4,29,1,0,22,56,0,4,0,0.261,0.314,0.358,0.6719999999999999,BAL
Enmanuel Valdez,2023,2B,26,37,148,139,17,37,8,0,6,19,5,1,8,37,0,0,1,0.266,0.311,0.453,0.764,BOS
Enrique Hernandez,2023,3B,33,128,508,465,57,110,23,0,11,61,4,1,34,97,0,6,3,0.237,0.289,0.357,0.6459999999999999,LAD
Eric Haase,2023,C,32,74,292,274,22,55,8,1,4,26,4,1,17,81,1,1,0,0.201,0.247,0.281,0.528,MIL
Esteury Ruiz,2023,OF,26,122,486,449,47,114,24,1,5,47,67,13,20,99,4,1,16,0.254,0.309,0.345,0.6539999999999999,OAK
Eugenio Suarez,2023,3B,33,162,694,598,68,139,29,0,22,96,2,1,70,214,0,11,15,0.232,0.323,0.391,0.714,ARI
Ezequiel Duran,2023,3B,25,110,438,406,55,112,22,2,14,46,8,4,23,120,1,2,7,0.276,0.324,0.443,0.767,TEX
Ezequiel Tovar,2023,SS,23,154,613,581,79,147,37,4,15,73,11,5,25,166,2,3,4,0.253,0.287,0.408,0.695,COL
Fernando Tatis,2023,OF,26,159,634,575,91,148,33,1,25,78,29,4,53,141,1,3,3,0.257,0.322,0.449,0.771,SD
Francisco Alvarez,2023,C,23,106,423,382,51,80,12,0,25,63,2,0,34,110,0,1,6,0.209,0.284,0.437,0.721,NYM
Francisco Lindor,2023,SS,31,162,680,602,108,153,33,2,31,98,31,4,66,137,0,0,12,0.254,0.34,0.47,0.81,NYM
Freddie Freeman,2023,1B,35,162,730,637,131,211,59,2,29,102,23,1,72,121,0,5,16,0.331,0.41,0.567,0.9769999999999999,LAD
Freddy Fermin,2023,C,29,59,234,217,26,61,10,1,9,32,0,0,13,50,1,3,1,0.281,0.321,0.461,0.782,KC
Gabriel Arias,2023,SS,24,87,345,315,36,66,15,0,10,26,3,4,28,113,0,1,1,0.21,0.275,0.352,0.627,CLE
Gabriel Moreno,2023,C,25,94,373,341,33,97,19,1,7,50,6,2,29,75,0,0,3,0.284,0.346,0.408,0.754,ARI
Garrett Cooper,2023,1B,34,115,457,422,42,106,18,1,17,61,0,0,31,132,0,2,2,0.251,0.304,0.419,0.723,CHC
Garrett Hampson,2023,SS,30,63,249,221,30,61,12,1,3,23,5,0,23,67,3,2,3,0.276,0.349,0.38,0.729,KC
Garrett Stubbs,2023,C,31,31,124,113,15,23,4,1,1,12,2,0,9,29,1,0,2,0.204,0.274,0.283,0.5569999999999999,PHI
Gary Sanchez,2023,C,32,67,267,240,33,52,9,0,19,47,0,0,21,67,0,2,4,0.217,0.288,0.492,0.78,MIL
Gavin Sheets,2023,OF,28,86,344,311,24,63,10,0,10,43,1,0,28,66,0,4,1,0.203,0.267,0.331,0.5980000000000001,CWS
George Springer,2023,OF,35,162,681,613,87,158,25,1,21,72,20,5,60,125,0,3,5,0.258,0.327,0.405,0.732,TOR
Geraldo Perdomo,2023,SS,25,121,481,407,71,100,20,4,6,47,16,4,64,86,14,4,6,0.246,0.353,0.359,0.712,ARI
Giancarlo Stanton,2023,DH,35,104,415,371,43,71,13,0,24,60,0,0,41,124,0,1,2,0.191,0.275,0.42,0.6950000000000001,NYY
Gio Urshela,2023,3B,33,57,228,214,22,64,8,1,2,24,3,2,10,36,0,3,1,0.299,0.329,0.374,0.7030000000000001,ATL
Gleyber Torres,2023,2B,28,162,672,596,90,163,28,2,25,68,13,6,67,98,0,6,3,0.273,0.347,0.453,0.8,NYY
Gunnar Henderson,2023,SS,23,156,622,560,100,143,29,9,28,82,10,3,56,159,0,3,3,0.255,0.325,0.489,0.8140000000000001,BAL
Ha-Seong Kim,2023,SS,29,156,621,538,84,140,23,0,17,60,38,9,75,124,5,5,3,0.26,0.351,0.398,0.749,SD
Harold Ramirez,2023,DH,30,109,434,400,58,125,19,2,12,68,5,3,22,79,0,6,6,0.312,0.353,0.46,0.813,WSH
Harrison Bader,2023,OF,30,87,343,319,44,74,12,2,7,40,20,3,17,59,1,4,3,0.232,0.274,0.348,0.622,NYM
Henry Davis,2023,C,25,64,255,225,27,48,10,0,7,24,3,5,25,69,0,1,4,0.213,0.302,0.351,0.653,PIT
Hunter Renfroe,2023,OF,33,137,548,498,60,116,31,0,20,60,0,0,44,125,0,3,3,0.233,0.297,0.416,0.713,KC
Ian Happ,2023,OF,30,162,691,580,86,144,35,4,21,84,14,3,99,153,0,6,6,0.248,0.36,0.431,0.7909999999999999,CHC
Ildemaro Vargas,2023,3B,33,71,283,262,32,66,13,2,4,31,1,1,19,20,3,1,1,0.252,0.304,0.363,0.667,WSH
Isaac Paredes,2023,3B,26,143,571,492,71,123,24,0,31,98,1,0,58,104,0,1,20,0.25,0.352,0.488,0.84,CHC
Isiah Kiner-Falefa,2023,SS,29,90,360,326,39,79,12,1,6,37,14,5,28,70,1,3,3,0.242,0.306,0.34,0.646,PIT
J.D. Davis,2023,3B,31,136,544,480,61,119,23,1,18,69,1,0,52,152,0,6,6,0.248,0.325,0.412,0.737,NYY
J.D. Martinez,2023,DH,37,120,477,432,61,117,27,2,33,103,1,0,34,149,0,9,2,0.271,0.321,0.572,0.893,NYM
J.P. Crawford,2023,SS,30,159,635,534,94,142,35,0,19,65,2,0,94,125,3,2,5,0.266,0.38,0.438,0.8180000000000001,SEA
J.T. Realmuto,2023,C,33,135,538,489,70,123,28,5,20,63,16,5,35,138,0,5,9,0.252,0.31,0.452,0.762,PHI
JJ Bleday,2023,OF,27,76,303,256,35,50,11,0,10,27,5,1,42,72,0,3,2,0.195,0.31,0.355,0.665,OAK
Jace Peterson,2023,3B,34,108,428,374,35,79,10,4,6,37,15,2,47,101,2,3,4,0.211,0.304,0.307,0.611,ARI
Jack Suwinski,2023,OF,26,134,534,447,63,100,21,2,26,74,13,2,75,172,0,6,6,0.224,0.339,0.454,0.793,PIT
Jacob Stallings,2023,C,35,69,273,241,22,46,14,0,3,20,0,0,27,67,3,2,3,0.191,0.278,0.286,0.5640000000000001,COL
Jacob Young,2023,OF,25,30,118,107,9,27,7,1,0,12,13,0,10,22,3,0,1,0.252,0.322,0.336,0.658,WSH
Jake Bauers,2023,1B,29,68,272,242,28,49,15,0,12,30,3,2,27,95,0,3,0,0.202,0.279,0.413,0.692,MIL
Jake Burger,2023,1B,28,136,540,492,71,123,28,1,34,80,1,1,32,149,0,4,12,0.25,0.309,0.518,0.827,MIA
Jake Cave,2023,OF,32,51,202,184,18,39,8,1,5,21,3,0,15,55,1,2,1,0.212,0.272,0.348,0.62,COL
Jake Cronenworth,2023,2B,31,130,520,458,54,105,24,7,10,48,6,1,46,97,1,5,11,0.229,0.312,0.378,0.69,SD
Jake Fraley,2023,OF,29,95,380,336,41,86,18,0,15,65,21,5,37,71,0,1,6,0.256,0.339,0.443,0.782,CIN
Jake McCarthy,2023,OF,27,77,308,276,37,67,7,5,2,16,26,4,26,62,4,1,5,0.243,0.318,0.326,0.644,ARI
Jake Meyers,2023,OF,28,86,341,309,42,70,16,1,10,33,5,2,26,88,0,1,5,0.227,0.296,0.382,0.6779999999999999,HOU
Jake Rogers,2023,C,29,91,364,331,47,73,11,0,21,49,1,1,28,118,1,2,3,0.221,0.286,0.444,0.73,DET
James McCann,2023,C,34,56,223,207,25,46,14,0,6,26,3,1,9,57,3,2,5,0.222,0.269,0.377,0.646,BAL
James Outman,2023,OF,27,142,567,483,86,120,16,3,23,70,16,3,68,181,0,4,12,0.248,0.353,0.437,0.79,LAD
Jared Triolo,2023,3B,27,53,209,181,30,54,9,0,3,21,6,1,24,63,0,1,3,0.298,0.388,0.398,0.786,PIT
Jared Walsh,2023,1B,31,29,116,104,10,13,4,0,4,11,0,0,11,45,0,0,1,0.125,0.216,0.279,0.495,TEX
Jarred Kelenic,2023,OF,25,104,416,372,44,94,25,2,11,49,13,5,41,132,0,2,1,0.253,0.327,0.419,0.746,ATL
Jarren Duran,2023,OF,28,91,361,332,46,98,34,2,8,40,24,2,24,90,0,2,3,0.295,0.346,0.482,0.828,BOS
Jason Delay,2023,C,29,46,184,167,20,42,11,1,1,18,0,0,14,44,2,0,3,0.251,0.321,0.347,0.6679999999999999,PIT
Jason Heyward,2023,OF,35,94,374,334,56,90,23,0,15,40,2,2,34,64,0,3,3,0.269,0.34,0.473,0.813,HOU
Javier Baez,2023,SS,32,137,546,510,58,113,18,4,9,59,12,0,24,125,0,3,9,0.222,0.267,0.325,0.5920000000000001,DET
Jazz Chisholm,2023,3B,27,96,382,352,50,88,12,2,19,51,22,3,26,118,1,2,2,0.25,0.304,0.457,0.761,NYY
Jeff McNeil,2023,2B,32,162,645,585,75,158,25,4,10,55,10,0,39,65,3,3,18,0.27,0.333,0.378,0.7110000000000001,NYM
Jeimer Candelario,2023,1B,31,145,575,505,77,127,39,3,22,70,8,1,53,127,0,4,13,0.251,0.336,0.471,0.8069999999999999,CIN
Jeremy Pena,2023,SS,27,158,630,577,81,152,32,3,10,52,13,9,43,129,1,1,9,0.263,0.324,0.381,0.7050000000000001,HOU
Jesse Winker,2023,OF,31,50,197,166,16,33,5,0,1,23,0,0,26,51,0,1,4,0.199,0.32,0.247,0.567,NYM
Jesus Sanchez,2023,OF,27,101,401,360,43,91,23,3,14,52,3,1,38,107,1,1,2,0.253,0.327,0.45,0.777,MIA
Ji Hwan Bae,2023,OF,25,92,368,334,54,77,17,2,2,32,24,9,30,92,3,2,2,0.231,0.296,0.311,0.607,PIT
Joc Pederson,2023,DH,32,107,425,358,59,84,14,3,15,51,0,0,57,89,0,3,7,0.235,0.348,0.416,0.764,ARI
Joey Bart,2023,C,28,24,95,87,9,18,5,0,0,5,0,0,3,23,0,1,4,0.207,0.263,0.264,0.527,PIT
Joey Gallo,2023,OF,31,83,332,282,39,50,9,1,21,40,1,1,48,142,0,0,2,0.177,0.301,0.44,0.741,WSH
Joey Meneses,2023,DH,32,162,657,611,71,168,36,1,13,89,0,0,38,130,0,3,5,0.275,0.321,0.401,0.722,WSH
Joey Wendle,2023,3B,34,79,315,297,33,63,16,3,2,20,7,1,13,67,3,3,2,0.212,0.248,0.306,0.554,NYM
Joey Wiemer,2023,OF,26,103,410,367,48,75,19,0,13,42,11,4,36,116,0,2,5,0.204,0.283,0.362,0.645,CIN
Johan Rojas,2023,OF,24,40,158,149,24,45,9,2,2,23,14,1,5,42,6,0,4,0.302,0.342,0.43,0.772,PHI
Jon Berti,2023,3B,35,106,422,388,53,114,16,3,7,33,16,6,29,77,2,3,2,0.294,0.344,0.405,0.749,NYY
Jon Singleton,2023,1B,33,27,105,91,11,15,3,0,2,12,0,0,13,23,0,1,0,0.165,0.267,0.264,0.531,HOU
Jonah Bride,2023,1B,29,27,105,88,9,15,3,0,0,7,0,1,11,22,1,2,4,0.17,0.286,0.205,0.491,MIA
Jonah Heim,2023,C,29,126,501,457,61,118,28,0,18,95,2,0,40,96,0,3,1,0.258,0.317,0.438,0.755,TEX
Jonathan Aranda,2023,1B,26,26,103,87,13,20,4,1,2,13,0,0,13,31,0,1,2,0.23,0.34,0.368,0.708,TB
Jonathan India,2023,2B,28,131,522,454,78,111,23,0,17,61,14,2,52,109,0,0,16,0.244,0.343,0.407,0.75,CIN
Jordan Walker,2023,OF,22,117,465,420,51,116,19,2,16,51,7,4,37,104,0,2,6,0.276,0.342,0.445,0.787,STL
Jordan Westburg,2023,2B,26,57,228,208,26,54,17,2,3,23,4,1,16,56,0,3,1,0.26,0.311,0.404,0.7150000000000001,BAL
Jorge Mateo,2023,2B,29,86,344,318,58,69,14,2,7,34,32,5,22,82,5,3,1,0.217,0.267,0.34,0.607,BAL
Jorge Polanco,2023,2B,31,85,340,302,38,77,18,0,14,48,4,0,36,88,0,0,2,0.255,0.338,0.454,0.792,SEA
Jorge Soler,2023,OF,32,145,580,504,77,126,24,0,36,75,1,0,66,141,0,4,6,0.25,0.341,0.512,0.853,ATL
Jose Abreu,2023,1B,38,149,594,540,62,128,23,1,18,90,0,1,42,130,0,6,6,0.237,0.296,0.383,0.679,HOU
Jose Altuve,2023,2B,34,103,410,360,76,112,21,2,17,51,14,2,44,71,0,1,5,0.311,0.393,0.522,0.915,HOU
Jose Azocar,2023,OF,28,25,97,91,16,21,6,0,2,9,8,2,4,24,5,0,2,0.231,0.278,0.363,0.641,SD
Jose Caballero,2023,SS,28,70,280,231,37,51,9,1,4,26,26,3,28,66,0,4,17,0.221,0.343,0.32,0.663,TB
Jose Herrera,2023,C,28,29,115,101,15,21,5,0,0,7,1,0,13,30,5,1,0,0.208,0.296,0.257,0.5529999999999999,ARI
Jose Miranda,2023,3B,26,38,152,142,12,30,4,0,3,13,0,0,9,24,0,0,1,0.211,0.263,0.303,0.5660000000000001,MIN
Jose Ramirez,2023,3B,32,162,685,611,87,172,36,5,24,80,28,6,73,73,0,0,1,0.282,0.359,0.475,0.834,CLE
Jose Siri,2023,OF,29,91,363,338,58,75,13,2,25,56,12,3,20,130,1,3,2,0.222,0.267,0.494,0.761,TB
Jose Trevino,2023,C,32,42,167,157,15,33,4,0,4,15,0,0,8,22,1,0,2,0.21,0.257,0.312,0.569,NYY
Josh Bell,2023,1B,32,155,615,547,52,135,28,0,22,74,0,1,63,134,0,3,2,0.247,0.325,0.419,0.744,ARI
Josh Jung,2023,3B,27,129,513,478,75,127,25,1,23,70,1,3,30,151,0,0,5,0.266,0.316,0.467,0.783,TEX
Josh Lowe,2023,OF,27,126,501,466,71,136,33,2,20,83,32,3,31,124,0,3,1,0.292,0.335,0.5,0.835,TB
Josh Naylor,2023,1B,27,124,495,452,52,139,31,0,17,97,10,3,33,68,0,7,3,0.308,0.354,0.489,0.843,CLE
Josh Rojas,2023,3B,30,87,346,314,47,77,17,0,4,40,12,0,27,81,2,4,1,0.245,0.303,0.338,0.641,SEA
Josh Smith,2023,3B,27,58,230,195,29,36,8,1,6,15,1,0,25,55,2,1,9,0.185,0.304,0.328,0.632,TEX
Joshua Palacios,2023,OF,29,66,262,247,26,59,9,2,10,40,5,0,12,56,2,1,2,0.239,0.279,0.413,0.692,PIT
Juan Soto,2023,OF,26,162,707,568,97,156,32,1,35,109,12,5,132,129,1,5,2,0.275,0.41,0.519,0.929,NYY
Julio Rodriguez,2023,OF,24,162,714,654,102,180,37,2,32,103,37,10,47,175,0,2,11,0.275,0.333,0.485,0.8180000000000001,SEA
Jurickson Profar,2023,OF,32,131,520,459,55,111,27,2,9,46,1,0,50,90,0,5,6,0.242,0.321,0.368,0.6890000000000001,SD
Justin Turner,2023,1B,40,157,626,558,86,154,31,0,23,96,4,1,51,110,0,6,11,0.276,0.345,0.455,0.8,SEA
Ke'Bryan Hayes,2023,3B,28,132,525,494,65,134,31,7,15,61,10,6,28,104,0,3,0,0.271,0.309,0.453,0.762,PIT
Keibert Ruiz,2023,C,26,141,562,523,55,136,24,0,18,67,1,1,31,58,0,2,6,0.26,0.308,0.409,0.717,WSH
Kerry Carpenter,2023,OF,27,115,459,418,57,116,17,2,20,64,6,0,32,115,0,1,8,0.278,0.34,0.471,0.8109999999999999,DET
Ketel Marte,2023,2B,31,162,650,569,94,157,26,9,25,82,8,2,71,109,0,5,5,0.276,0.358,0.485,0.843,ARI
Kevin Kiermaier,2023,OF,34,102,407,370,58,98,21,6,8,36,14,1,29,86,1,4,4,0.265,0.322,0.419,0.741,LAD
Kevin Newman,2023,SS,31,63,251,225,28,57,16,0,3,28,8,1,17,34,2,5,4,0.253,0.311,0.364,0.675,ARI
Kevin Pillar,2023,OF,36,52,206,197,29,45,10,0,9,32,4,1,6,50,0,3,0,0.228,0.248,0.416,0.6639999999999999,CWS
Kody Clemens,2023,3B,28,37,148,139,15,32,7,0,4,13,0,0,8,40,0,0,1,0.23,0.277,0.367,0.644,PHI
Kris Bryant,2023,DH,33,84,335,300,36,70,10,0,10,31,0,0,29,68,0,0,6,0.233,0.313,0.367,0.6799999999999999,COL
Kyle Farmer,2023,SS,34,93,369,336,49,86,14,2,11,46,2,4,23,86,0,2,8,0.256,0.317,0.408,0.725,MIN
Kyle Higashioka,2023,C,34,65,259,242,24,57,13,0,10,34,0,0,14,74,1,3,0,0.236,0.274,0.413,0.687,SD
Kyle Isbel,2023,OF,27,78,312,292,45,70,22,2,5,34,7,1,17,59,1,2,1,0.24,0.282,0.38,0.6619999999999999,KC
Kyle Schwarber,2023,DH,31,162,720,585,108,115,19,1,47,104,0,2,126,215,0,3,6,0.197,0.343,0.474,0.817,PHI
Kyle Tucker,2023,OF,28,162,667,574,97,163,37,5,29,112,30,5,80,92,0,10,3,0.284,0.369,0.517,0.886,HOU
LaMonte Wade,2023,1B,31,129,515,429,64,110,14,2,17,45,2,0,76,95,4,4,6,0.256,0.373,0.417,0.79,SF
Lane Thomas,2023,OF,29,162,682,628,101,168,36,3,28,86,20,5,36,176,0,7,11,0.268,0.315,0.468,0.783,CLE
Lars Nootbaar,2023,OF,27,126,502,426,74,111,23,1,14,46,11,1,72,99,1,3,1,0.261,0.367,0.418,0.7849999999999999,STL
Lawrence Butler,2023,OF,24,33,129,123,10,26,4,0,4,10,0,0,4,35,0,1,1,0.211,0.24,0.341,0.581,OAK
Lenyn Sosa,2023,2B,25,43,170,164,12,33,6,0,6,14,0,1,5,40,3,1,0,0.201,0.224,0.348,0.572,CWS
Leody Taveras,2023,OF,26,138,551,511,67,136,31,3,14,67,14,4,35,117,3,4,1,0.266,0.312,0.421,0.733,TEX
Liover Peguero,2023,SS,24,53,211,198,21,47,4,1,7,26,6,2,11,67,2,1,1,0.237,0.28,0.374,0.654,PIT
Logan O'Hoppe,2023,C,25,50,198,182,23,43,6,0,14,29,0,1,14,48,0,0,2,0.236,0.298,0.5,0.798,LAA
Lourdes Gurriel,2023,OF,31,148,592,551,65,144,35,2,24,82,5,0,33,103,0,2,6,0.261,0.309,0.463,0.772,ARI
Luis Arraez,2023,1B,27,154,616,574,71,203,30,3,10,69,3,2,35,34,1,3,4,0.354,0.393,0.469,0.862,MIA
Luis Campusano,2023,C,26,44,174,163,27,52,7,0,7,30,0,0,7,21,0,1,3,0.319,0.356,0.491,0.847,SD
Luis Garcia,2023,2B,24,121,481,447,61,119,18,4,9,50,9,4,27,60,1,7,0,0.266,0.304,0.385,0.6890000000000001,WSH
Luis Guillorme,2023,2B,30,30,118,107,12,24,6,1,1,9,0,0,10,28,2,1,0,0.224,0.288,0.327,0.615,ATL
Luis Matos,2023,OF,23,63,251,228,24,57,13,1,2,14,3,0,20,33,2,0,3,0.25,0.319,0.342,0.661,SF
Luis Rengifo,2023,2B,27,112,445,394,55,104,15,4,16,51,6,4,41,82,0,4,6,0.264,0.339,0.444,0.783,LAA
Luis Robert,2023,OF,27,148,590,546,90,144,36,1,38,80,20,4,30,172,0,2,12,0.264,0.315,0.542,0.857,CWS
Luis Urias,2023,3B,27,44,175,144,18,28,6,0,3,18,0,0,21,41,0,0,10,0.194,0.337,0.299,0.636,SEA
Luke Maile,2023,C,34,50,198,179,17,42,10,0,6,25,2,1,14,49,1,0,5,0.235,0.308,0.391,0.6990000000000001,CIN
Luke Raley,2023,1B,30,102,405,357,56,89,23,3,19,49,14,3,28,128,1,2,18,0.249,0.333,0.49,0.823,SEA
Luken Baker,2023,DH,27,25,99,86,9,18,3,0,2,10,0,0,13,31,0,0,0,0.209,0.313,0.314,0.627,STL
MJ Melendez,2023,OF,26,151,602,533,65,125,29,5,16,56,6,4,62,170,0,4,3,0.235,0.316,0.398,0.714,KC
Maikel Garcia,2023,3B,24,129,514,464,59,126,20,4,4,50,23,7,38,115,1,10,2,0.272,0.323,0.358,0.681,KC
Manny Machado,2023,3B,32,151,601,543,75,140,21,0,30,91,3,2,50,109,0,6,2,0.258,0.319,0.462,0.781,SD
Manuel Margot,2023,OF,30,84,333,311,39,82,21,1,4,38,9,3,18,55,0,0,4,0.264,0.312,0.376,0.688,MIN
Marcell Ozuna,2023,DH,34,148,592,530,84,145,29,1,40,100,0,0,57,134,0,2,3,0.274,0.346,0.558,0.904,ATL
Marcus Semien,2023,2B,34,162,752,670,122,185,40,4,29,100,14,3,72,110,0,5,5,0.276,0.348,0.478,0.826,TEX
Mark Canha,2023,OF,36,127,507,435,51,114,25,1,11,62,11,1,49,79,0,6,17,0.262,0.355,0.4,0.755,SF
Mark Vientos,2023,3B,25,59,233,218,19,46,5,1,9,22,1,0,10,71,0,2,3,0.211,0.253,0.367,0.62,NYM
Martin Maldonado,2023,C,38,99,395,362,33,69,12,0,15,36,0,0,30,139,12,0,3,0.191,0.258,0.348,0.606,CWS
Masataka Yoshida,2023,DH,31,145,580,537,71,155,33,3,15,72,8,0,34,81,0,2,7,0.289,0.338,0.445,0.783,BOS
Masyn Winn,2023,SS,22,34,135,122,8,21,2,0,2,12,2,1,10,26,2,3,0,0.172,0.23,0.238,0.46799999999999997,STL
Matt Carpenter,2023,DH,39,59,236,188,18,33,12,0,5,31,1,0,41,67,0,5,2,0.176,0.322,0.319,0.641,STL
Matt Chapman,2023,3B,31,146,581,509,66,122,39,2,17,54,4,2,62,165,0,2,8,0.24,0.33,0.424,0.754,SF
Matt Duffy,2023,3B,34,53,209,191,17,48,8,0,2,16,1,0,12,39,0,2,4,0.251,0.306,0.325,0.631,TEX
Matt Mervis,2023,DH,26,25,99,90,8,15,2,0,3,11,0,0,8,32,0,0,1,0.167,0.242,0.289,0.5309999999999999,CHC
Matt Olson,2023,1B,30,162,720,608,127,172,27,3,54,139,1,0,104,167,0,4,4,0.283,0.389,0.604,0.993,ATL
Matt Thaiss,2023,C,29,77,307,262,32,56,6,0,9,31,2,0,36,83,0,3,6,0.214,0.319,0.34,0.659,LAA
Matt Vierling,2023,OF,28,133,529,479,63,125,21,5,10,44,6,6,44,112,1,1,5,0.261,0.329,0.388,0.7170000000000001,DET
Matt Wallner,2023,OF,27,64,254,213,42,53,11,1,14,41,2,1,28,80,0,0,13,0.249,0.37,0.507,0.877,MIN
Matthew Batten,2023,3B,29,35,138,120,19,31,6,0,2,11,2,2,17,30,1,0,1,0.258,0.355,0.358,0.713,SD
Mauricio Dubon,2023,OF,30,123,492,467,76,130,26,3,10,46,7,2,19,70,0,3,3,0.278,0.309,0.411,0.72,HOU
Max Kepler,2023,OF,32,123,491,438,72,114,22,2,24,66,1,1,45,106,0,4,4,0.26,0.332,0.484,0.8160000000000001,MIN
Max Muncy,2023,3B,34,145,579,482,95,102,17,1,36,105,1,2,85,153,0,6,6,0.212,0.333,0.475,0.808,LAD
Michael Busch,2023,1B,27,21,81,72,9,12,3,0,2,7,1,0,8,27,0,1,0,0.167,0.247,0.292,0.5389999999999999,CHC
Michael Conforto,2023,OF,31,117,466,406,58,97,14,0,15,58,4,0,53,106,0,0,7,0.239,0.337,0.384,0.7210000000000001,SF
Michael Harris,2023,OF,23,135,538,505,76,148,33,3,18,57,20,4,25,101,1,3,5,0.293,0.331,0.477,0.808,ATL
Michael Massey,2023,2B,26,115,460,428,42,98,18,1,15,55,6,2,24,99,1,4,4,0.229,0.274,0.381,0.655,KC
Michael Taylor,2023,OF,33,97,385,355,48,78,14,1,21,51,13,1,26,130,3,1,3,0.22,0.278,0.442,0.72,PIT
Michael Toglia,2023,1B,26,38,152,141,18,23,5,0,4,9,1,1,10,50,0,0,1,0.163,0.224,0.284,0.508,COL
Mickey Moniak,2023,OF,26,81,323,311,35,87,21,2,14,45,6,3,9,113,0,0,3,0.28,0.307,0.495,0.802,LAA
Miguel Amaya,2023,C,25,39,155,131,17,28,4,0,5,18,0,0,12,40,1,1,11,0.214,0.329,0.359,0.688,CHC
Miguel Andujar,2023,OF,29,23,90,84,9,21,7,0,4,18,2,0,6,13,0,0,0,0.25,0.3,0.476,0.776,OAK
Miguel Rojas,2023,SS,36,106,421,385,49,91,16,1,5,31,8,3,26,48,2,5,5,0.236,0.29,0.322,0.612,LAD
Miguel Vargas,2023,3B,25,76,302,256,36,50,15,4,7,32,3,2,38,61,1,4,4,0.195,0.305,0.367,0.6719999999999999,LAD
Mike Ford,2023,DH,32,63,251,219,32,50,6,0,16,34,0,0,24,81,0,1,7,0.228,0.323,0.475,0.798,CIN
Mike Tauchman,2023,OF,34,100,400,337,64,85,18,0,8,48,7,1,56,86,1,3,4,0.252,0.362,0.377,0.739,CHC
Mike Trout,2023,OF,33,91,362,308,54,81,14,1,18,44,2,0,45,104,0,2,7,0.263,0.367,0.49,0.857,LAA
Mike Yastrzemski,2023,OF,34,95,379,330,54,77,23,1,15,43,2,2,45,99,2,1,3,0.233,0.33,0.445,0.775,SF
Miles Mastrobuoni,2023,3B,29,37,146,133,24,32,5,0,1,5,13,1,13,32,3,0,0,0.241,0.308,0.301,0.609,CHC
Mitch Garver,2023,C,34,86,343,296,45,80,11,0,19,50,0,0,44,82,0,0,3,0.27,0.37,0.5,0.87,SEA
Mitch Haniger,2023,OF,34,58,229,211,27,44,13,1,6,28,1,0,15,65,0,1,2,0.209,0.266,0.365,0.631,SEA
Mookie Betts,2023,OF,32,162,693,584,126,179,40,1,39,107,14,3,96,107,0,5,8,0.307,0.408,0.579,0.9869999999999999,LAD
Myles Straw,2023,OF,30,128,512,462,52,110,18,3,1,29,20,6,42,97,6,6,2,0.238,0.301,0.297,0.598,CLE
Nathaniel Lowe,2023,1B,29,162,724,623,89,163,38,3,17,82,1,0,93,165,0,3,5,0.262,0.36,0.414,0.774,TEX
Nelson Velazquez,2023,DH,26,45,179,162,35,38,6,0,17,34,0,0,14,51,0,1,2,0.235,0.302,0.586,0.8879999999999999,KC
Nick Ahmed,2023,SS,34,53,210,198,14,42,10,1,2,17,5,1,12,52,0,0,0,0.212,0.257,0.303,0.56,SD
Nick Allen,2023,SS,26,81,323,303,29,67,4,2,4,20,5,1,17,52,6,2,1,0.221,0.263,0.287,0.55,OAK
Nick Castellanos,2023,OF,32,162,671,626,79,170,37,2,29,106,11,2,36,185,0,6,3,0.272,0.311,0.476,0.7869999999999999,PHI
Nick Fortes,2023,C,28,80,320,294,33,60,10,0,6,26,4,2,17,59,3,2,7,0.204,0.262,0.299,0.5609999999999999,MIA
Nick Gonzales,2023,2B,25,32,127,115,12,24,8,1,2,13,0,1,6,36,1,2,4,0.209,0.268,0.348,0.616,PIT
Nick Gordon,2023,OF,29,23,92,91,13,16,5,1,2,7,0,0,1,11,1,0,0,0.176,0.185,0.319,0.504,MIA
Nick Madrigal,2023,2B,27,73,289,270,34,71,16,1,2,28,10,2,10,24,0,0,9,0.263,0.311,0.352,0.663,CHC
Nick Maton,2023,3B,28,73,292,249,29,43,9,0,8,32,1,2,38,73,1,2,3,0.173,0.288,0.305,0.593,BAL
Nick Senzel,2023,OF,29,83,330,301,49,71,10,0,13,42,6,2,26,74,0,2,1,0.236,0.297,0.399,0.696,CWS
Nicky Lopez,2023,2B,29,65,258,225,32,52,8,3,1,25,6,2,26,40,4,1,6,0.231,0.326,0.307,0.633,CWS
Nico Hoerner,2023,2B,27,162,687,619,98,175,27,4,9,68,43,7,49,83,1,5,14,0.283,0.346,0.383,0.729,CHC
Noelvi Marte,2023,3B,23,31,123,114,15,36,7,0,3,15,6,2,8,25,0,0,1,0.316,0.366,0.456,0.8220000000000001,CIN
Nolan Arenado,2023,3B,33,153,612,560,71,149,26,2,26,93,3,3,41,101,0,8,3,0.266,0.315,0.459,0.774,STL
Nolan Gorman,2023,2B,24,116,464,406,59,96,17,0,27,76,7,2,53,148,0,2,3,0.236,0.328,0.478,0.806,STL
Nolan Jones,2023,OF,26,106,424,367,60,109,22,4,20,62,20,4,53,126,0,1,3,0.297,0.389,0.542,0.931,COL
Nolan Schanuel,2023,1B,23,33,132,109,19,30,3,0,1,6,0,0,20,19,0,0,3,0.275,0.402,0.33,0.732,LAA
Omar Narvaez,2023,C,33,37,145,128,12,27,5,0,2,7,0,0,14,27,1,3,0,0.211,0.283,0.297,0.58,NYM
Orlando Arcia,2023,SS,30,134,533,488,66,129,25,0,17,65,1,0,39,102,0,3,3,0.264,0.321,0.42,0.741,ATL
Oscar Colas,2023,OF,26,66,261,245,32,53,9,0,5,19,4,3,12,71,2,2,2,0.216,0.257,0.314,0.571,CWS
Oswald Peraza,2023,3B,24,48,191,173,15,33,8,0,2,14,4,3,13,50,0,0,5,0.191,0.267,0.272,0.539,NYY
Oswaldo Cabrera,2023,3B,25,82,327,298,35,63,11,0,5,29,8,0,25,72,0,2,2,0.211,0.275,0.299,0.5740000000000001,NYY
Owen Miller,2023,2B,28,79,314,291,29,76,17,0,5,27,13,2,17,61,0,4,2,0.261,0.303,0.371,0.6739999999999999,MIL
Ozzie Albies,2023,2B,28,162,658,596,96,167,30,5,33,109,13,1,46,107,0,8,8,0.28,0.336,0.513,0.849,ATL
Pablo Reyes,2023,SS,31,46,183,167,27,48,9,0,2,20,7,2,14,21,2,2,0,0.287,0.339,0.377,0.716,BOS
Parker Meadows,2023,OF,25,37,145,125,19,29,4,2,3,13,8,1,17,37,0,1,2,0.232,0.331,0.368,0.6990000000000001,DET
Patrick Bailey,2023,C,25,88,351,326,29,76,18,1,7,48,1,0,21,100,2,1,3,0.233,0.285,0.359,0.6439999999999999,SF
Patrick Wisdom,2023,3B,33,76,301,268,43,55,8,1,23,46,4,2,30,111,1,1,2,0.205,0.289,0.5,0.7889999999999999,CHC
Paul DeJong,2023,SS,31,101,400,372,41,77,13,0,14,38,4,4,21,121,0,2,5,0.207,0.258,0.355,0.613,KC
Paul Goldschmidt,2023,1B,37,162,686,593,89,159,31,0,25,80,11,2,87,161,0,3,3,0.268,0.363,0.447,0.81,STL
Pavin Smith,2023,OF,29,57,227,191,26,36,5,0,7,30,1,1,35,45,0,0,1,0.188,0.317,0.325,0.642,ARI
Pete Alonso,2023,1B,30,162,658,568,92,123,21,2,46,118,4,1,65,151,0,4,21,0.217,0.318,0.504,0.8220000000000001,NYM
Rafael Devers,2023,3B,28,162,656,580,90,157,34,0,33,100,5,1,62,126,0,3,11,0.271,0.351,0.5,0.851,BOS
Rafael Ortega,2023,OF,33,34,135,114,16,25,3,0,1,8,6,1,20,33,1,0,1,0.219,0.341,0.272,0.613,CWS
Ramon Laureano,2023,OF,30,102,404,361,46,81,18,4,9,35,12,1,33,114,0,1,9,0.224,0.304,0.371,0.675,CLE
Ramon Urias,2023,3B,30,99,396,360,45,95,22,3,4,42,3,1,27,101,0,1,8,0.264,0.328,0.375,0.7030000000000001,BAL
Randal Grichuk,2023,OF,33,118,471,434,65,116,31,2,16,44,2,2,29,96,0,2,6,0.267,0.321,0.459,0.78,ARI
Randy Arozarena,2023,OF,29,162,654,551,95,140,19,3,23,83,22,10,80,156,0,5,18,0.254,0.364,0.425,0.7889999999999999,SEA
Reese McGuire,2023,C,29,50,200,187,15,50,12,1,1,16,2,1,11,53,2,1,1,0.267,0.31,0.358,0.6679999999999999,BOS
Rene Pinto,2023,C,28,27,105,103,10,26,3,0,6,16,0,0,2,34,0,0,0,0.252,0.267,0.456,0.7230000000000001,TB
Richie Palacios,2023,2B,27,26,101,93,9,24,6,0,6,16,2,0,6,11,1,1,1,0.258,0.307,0.516,0.823,TB
Riley Adams,2023,C,28,40,157,143,8,39,13,2,4,21,0,0,11,45,1,1,2,0.273,0.331,0.476,0.8069999999999999,WSH
Riley Greene,2023,OF,24,104,416,378,51,109,19,4,11,37,7,0,35,114,0,2,1,0.288,0.349,0.447,0.796,DET
Rob Refsnyder,2023,OF,33,61,241,202,31,50,9,1,1,28,7,2,33,47,1,1,5,0.248,0.365,0.317,0.6819999999999999,BOS
Robbie Grossman,2023,OF,35,105,420,353,56,84,23,1,10,49,1,0,57,98,0,8,2,0.238,0.34,0.394,0.734,KC
Romy Gonzalez,2023,2B,28,24,96,93,11,18,4,2,3,14,7,0,2,36,0,1,0,0.194,0.208,0.376,0.584,BOS
Ronald Acuna,2023,OF,27,162,735,643,149,217,35,4,41,106,73,14,80,84,0,3,9,0.337,0.416,0.596,1.012,ATL
Rowdy Tellez,2023,1B,29,88,351,311,26,67,9,1,13,47,0,0,35,86,0,5,0,0.215,0.291,0.376,0.667,PIT
Royce Lewis,2023,3B,25,60,239,217,36,67,7,0,15,52,6,1,20,55,0,0,2,0.309,0.372,0.548,0.92,MIN
Ryan Jeffers,2023,C,27,83,331,286,46,79,15,2,14,43,3,2,33,93,4,2,10,0.276,0.369,0.49,0.859,MIN
Ryan McKenna,2023,OF,28,34,136,122,23,31,7,0,2,18,5,0,9,40,3,2,3,0.254,0.316,0.361,0.677,SF
Ryan McMahon,2023,3B,30,157,627,555,80,133,31,3,23,70,5,5,68,198,0,3,1,0.24,0.322,0.431,0.753,COL
Ryan Mountcastle,2023,1B,28,116,463,423,64,114,21,1,18,68,3,1,37,107,0,0,3,0.27,0.333,0.452,0.785,BAL
Ryan Noda,2023,1B,28,124,495,406,63,93,22,1,16,54,3,1,77,170,0,2,10,0.229,0.364,0.406,0.77,OAK
Ryan O'Hearn,2023,1B,31,92,367,346,48,100,22,1,14,60,5,1,15,82,1,3,3,0.289,0.322,0.48,0.802,BAL
Sal Frelick,2023,OF,24,56,223,191,29,47,9,1,3,24,7,0,28,37,0,3,1,0.246,0.341,0.351,0.692,MIL
Salvador Perez,2023,C,34,143,570,538,59,137,21,0,23,80,0,0,19,135,0,0,13,0.255,0.296,0.422,0.718,KC
Sam Haggerty,2023,OF,30,27,107,91,13,23,3,1,1,5,10,1,15,17,1,0,1,0.253,0.364,0.341,0.7050000000000001,SEA
Santiago Espinal,2023,3B,30,63,252,230,30,57,14,0,2,25,2,1,18,36,2,1,3,0.248,0.31,0.335,0.645,CIN
Sean Murphy,2023,C,30,110,438,370,65,93,21,0,21,68,0,0,49,98,0,1,18,0.251,0.365,0.478,0.843,ATL
Seby Zavala,2023,C,31,49,191,175,17,30,4,0,7,18,1,0,12,70,2,2,2,0.171,0.23,0.314,0.544,SEA
Seiya Suzuki,2023,OF,30,146,583,515,75,147,31,6,20,74,6,7,59,130,0,7,2,0.285,0.357,0.485,0.842,CHC
Seth Brown,2023,OF,32,95,377,343,33,76,19,1,14,52,3,1,30,101,1,2,2,0.222,0.286,0.405,0.6910000000000001,OAK
Shea Langeliers,2023,C,27,123,489,448,52,92,19,4,22,63,3,2,34,143,1,2,5,0.205,0.268,0.413,0.681,OAK
Shohei Ohtani,2023,DH,30,149,594,497,102,151,26,8,44,95,20,6,91,143,0,3,3,0.304,0.412,0.654,1.066,LAD
Spencer Steer,2023,OF,27,162,665,582,74,158,37,3,23,86,15,3,68,139,0,4,11,0.271,0.356,0.464,0.8200000000000001,CIN
Spencer Torkelson,2023,1B,25,162,684,606,88,141,34,1,31,94,3,0,67,171,0,5,6,0.233,0.313,0.446,0.759,DET
Starling Marte,2023,OF,36,85,339,315,38,78,7,1,5,28,24,4,16,69,2,0,8,0.248,0.301,0.324,0.625,NYM
Steven Kwan,2023,OF,27,162,717,638,93,171,36,7,5,54,21,3,70,75,1,6,3,0.268,0.34,0.37,0.71,CLE
Stone Garrett,2023,DH,29,67,268,234,40,63,17,0,9,40,3,1,26,82,0,5,3,0.269,0.343,0.457,0.8,WSH
Stuart Fairchild,2023,OF,28,63,252,219,34,50,16,2,5,28,10,3,25,69,3,2,6,0.228,0.321,0.388,0.7090000000000001,CIN
TJ Friedl,2023,OF,29,137,548,488,73,136,22,8,18,66,27,6,47,90,8,3,10,0.279,0.352,0.467,0.819,CIN
Taylor Walls,2023,SS,28,87,348,303,50,61,12,2,8,36,22,1,44,92,1,0,1,0.201,0.305,0.333,0.638,TB
Taylor Ward,2023,OF,31,103,409,356,60,90,18,0,14,47,4,2,39,80,0,6,8,0.253,0.335,0.421,0.756,LAA
Teoscar Hernandez,2023,OF,32,162,678,625,70,161,29,2,26,93,7,2,38,211,0,7,8,0.258,0.305,0.435,0.74,LAD
Thairo Estrada,2023,2B,29,133,530,495,63,134,26,2,14,49,23,7,22,120,0,2,11,0.271,0.315,0.416,0.731,SF
Tim Anderson,2023,SS,31,131,524,493,52,121,18,2,1,25,13,2,26,122,0,2,3,0.245,0.286,0.296,0.582,MIA
Tom Murphy,2023,C,33,40,158,145,19,42,12,0,8,17,0,0,10,44,0,2,1,0.29,0.335,0.538,0.873,SF
Tommy Edman,2023,OF,29,132,525,479,69,119,25,4,13,47,27,4,35,84,3,4,7,0.248,0.307,0.399,0.706,LAD
Tommy Pham,2023,OF,36,121,478,426,55,109,27,3,16,68,22,3,47,106,0,3,2,0.256,0.331,0.446,0.777,STL
Tony Kemp,2023,2B,33,103,412,359,42,75,13,3,5,27,15,4,44,40,7,3,6,0.209,0.303,0.304,0.607,BAL
Travis Jankowski,2023,OF,33,72,286,247,34,65,12,1,1,30,19,1,35,42,1,2,2,0.263,0.357,0.332,0.6890000000000001,TEX
Travis d'Arnaud,2023,C,36,73,292,267,31,60,13,0,11,39,0,0,21,67,0,1,3,0.225,0.288,0.397,0.685,ATL
Trea Turner,2023,SS,31,162,691,639,102,170,35,5,26,76,30,0,45,150,0,1,6,0.266,0.32,0.459,0.779,PHI
Trent Grisham,2023,OF,28,138,550,469,67,93,31,1,13,50,15,3,75,154,4,1,5,0.198,0.315,0.352,0.667,NYY
Trevor Larnach,2023,OF,27,53,212,183,26,39,7,3,8,40,1,1,27,72,0,2,0,0.213,0.311,0.415,0.726,MIN
Trevor Story,2023,SS,32,42,168,158,12,32,9,0,3,14,10,3,9,55,0,0,1,0.203,0.25,0.316,0.5660000000000001,BOS
Triston Casas,2023,1B,25,126,502,429,66,113,21,2,24,65,0,0,70,126,0,2,1,0.263,0.367,0.49,0.857,BOS
Tucker Barnhart,2023,C,34,31,123,109,6,22,3,0,1,9,1,0,12,42,0,1,1,0.202,0.285,0.257,0.542,ARI
Ty France,2023,1B,30,162,665,587,79,147,32,0,12,58,1,0,43,117,0,1,34,0.25,0.337,0.366,0.7030000000000001,CIN
Tyler Freeman,2023,OF,25,42,166,153,20,37,7,0,4,18,5,0,10,30,2,1,2,0.242,0.295,0.366,0.661,CLE
Tyler Nevin,2023,3B,27,28,111,95,11,19,3,1,2,10,0,1,12,25,0,1,3,0.2,0.306,0.316,0.622,OAK
Tyler O'Neill,2023,OF,29,67,266,238,27,55,14,0,9,21,5,0,28,67,0,0,0,0.231,0.312,0.403,0.7150000000000001,BOS
Tyler Soderstrom,2023,1B,23,35,138,125,9,20,1,0,3,7,0,0,11,43,0,1,1,0.16,0.232,0.24,0.472,OAK
Tyler Stephenson,2023,C,28,130,517,465,59,113,20,2,13,56,0,1,47,135,0,1,4,0.243,0.317,0.378,0.6950000000000001,CIN
Tyrone Taylor,2023,OF,31,61,243,231,36,54,17,1,10,35,9,0,8,55,0,1,3,0.234,0.267,0.446,0.7130000000000001,NYM
Victor Caratini,2023,C,31,57,226,201,23,52,4,0,7,25,1,1,19,45,0,3,3,0.259,0.327,0.383,0.71,HOU
Victor Robles,2023,OF,27,31,122,107,15,32,5,1,0,8,8,1,11,18,4,0,4,0.299,0.385,0.364,0.749,WSH
Vidal Brujan,2023,2B,27,21,83,76,14,13,2,0,0,6,3,2,5,21,1,0,2,0.171,0.241,0.197,0.438,MIA
Vinnie Pasquantino,2023,1B,27,65,259,231,24,57,17,0,9,26,0,0,25,31,0,1,2,0.247,0.324,0.437,0.761,KC
Vladimir Guerrero,2023,1B,25,162,682,602,78,159,30,0,26,94,5,3,67,100,0,4,9,0.264,0.345,0.444,0.7889999999999999,TOR
Whit Merrifield,2023,2B,36,148,592,547,66,149,27,0,11,67,26,10,36,101,0,6,3,0.272,0.318,0.382,0.7,ATL
Will Benson,2023,OF,26,83,329,287,51,79,15,8,11,31,19,3,40,103,0,1,1,0.275,0.365,0.498,0.863,CIN
Will Brennan,2023,OF,27,114,455,432,41,115,24,0,5,41,13,5,16,57,0,2,5,0.266,0.299,0.356,0.655,CLE
Will Smith,2023,C,29,139,554,464,80,121,21,2,19,76,3,0,63,89,0,12,15,0.261,0.359,0.438,0.7969999999999999,LAD
Willi Castro,2023,OF,27,102,407,358,60,92,18,5,9,34,33,5,34,99,2,3,12,0.257,0.339,0.411,0.75,MIN
William Contreras,2023,C,27,153,610,540,86,156,38,1,17,78,6,1,63,126,1,2,5,0.289,0.367,0.457,0.8240000000000001,MIL
Willie Calhoun,2023,OF,30,38,149,134,16,32,7,0,5,16,0,0,14,20,0,1,0,0.239,0.309,0.403,0.712,LAA
Willson Contreras,2023,C,32,123,492,428,55,113,27,0,20,67,6,3,51,111,1,0,13,0.264,0.36,0.467,0.827,STL
Willy Adames,2023,SS,29,159,636,553,73,120,29,2,24,80,5,3,71,165,0,6,6,0.217,0.31,0.407,0.717,MIL
Wilmer Flores,2023,1B,33,114,454,405,51,115,22,0,23,60,0,0,41,63,0,3,5,0.284,0.355,0.509,0.864,SF
Wilyer Abreu,2023,OF,25,22,85,76,10,24,6,0,2,14,3,1,9,23,0,0,0,0.316,0.388,0.474,0.862,BOS
Xander Bogaerts,2023,SS,32,162,665,596,83,170,31,2,19,58,19,2,56,110,0,6,7,0.285,0.35,0.44,0.79,SD
Xavier Edwards,2023,SS,25,21,82,78,12,23,3,0,0,3,5,0,3,14,2,0,1,0.295,0.329,0.333,0.662,MIA
Yainer Diaz,2023,C,26,95,377,355,51,100,22,0,23,60,0,0,11,74,0,6,5,0.282,0.308,0.538,0.8460000000000001,HOU
Yan Gomes,2023,C,37,105,419,382,44,102,20,2,10,63,1,0,21,81,0,7,9,0.267,0.315,0.408,0.723,CHC
Yandy Diaz,2023,1B,33,150,600,525,95,173,35,0,22,78,0,1,65,94,0,2,8,0.33,0.41,0.522,0.9319999999999999,TB
Yasmani Grandal,2023,C,36,102,405,363,33,85,14,0,8,33,0,0,36,86,0,2,4,0.234,0.309,0.339,0.648,PIT
Yoan Moncada,2023,3B,29,90,357,334,39,87,20,1,11,40,1,0,20,107,0,1,2,0.26,0.305,0.425,0.73,CWS
Yordan Alvarez,2023,OF,27,124,496,410,77,120,24,1,31,97,0,0,69,92,0,4,13,0.293,0.407,0.583,0.99,HOU
Yuli Gurriel,2023,1B,40,83,329,298,32,73,16,3,4,27,4,0,26,44,0,4,1,0.245,0.304,0.359,0.663,KC
Zach McKinstry,2023,SS,29,129,516,464,60,107,21,4,9,35,16,6,44,113,2,3,5,0.231,0.302,0.351,0.653,DET
Zach Neto,2023,SS,24,82,325,289,38,65,17,0,9,34,5,1,20,77,0,0,16,0.225,0.311,0.377,0.688,LAA
Zach Remillard,2023,2B,31,39,156,147,16,37,7,0,1,18,4,3,8,48,4,0,1,0.252,0.295,0.32,0.615,CWS
Zack Gelof,2023,2B,25,75,300,270,40,72,20,1,14,32,14,2,26,82,0,1,3,0.267,0.337,0.504,0.841,OAK
Zack Short,2023,2B,29,63,250,221,17,45,9,0,7,33,5,0,28,66,3,1,0,0.204,0.292,0.339,0.631,BOS
Aaron Judge,2024,OF,32,162,703,559,122,180,36,1,58,144,10,0,133,171,0,2,9,0.322,0.458,0.701,1.159,NYY
Aaron Schunk,2024,3B,27,25,98,94,14,22,3,0,2,7,0,1,4,31,0,0,0,0.234,0.265,0.33,0.595,COL
Abraham Toro,2024,3B,28,91,362,337,34,81,17,1,6,26,4,2,20,62,2,0,5,0.24,0.293,0.35,0.643,OAK
Adam Duvall,2024,OF,36,83,330,303,29,55,10,0,11,30,0,0,21,99,0,1,5,0.182,0.245,0.323,0.5680000000000001,ATL
Adam Frazier,2024,2B,33,73,291,262,35,53,10,1,4,22,3,0,22,59,3,0,7,0.202,0.282,0.294,0.576,KC
Addison Barger,2024,3B,25,56,224,208,20,41,11,0,7,28,2,0,14,60,0,1,1,0.197,0.25,0.351,0.601,TOR
Adley Rutschman,2024,C,27,160,638,571,68,143,21,1,19,79,1,0,58,103,0,7,2,0.25,0.318,0.391,0.7090000000000001,BAL
Adolis Garcia,2024,OF,31,160,637,580,68,130,27,0,25,85,11,5,45,177,0,6,6,0.224,0.284,0.4,0.6839999999999999,TEX
Adrian Del Castillo,2024,C,25,22,87,80,12,25,5,0,4,19,1,1,7,28,0,0,0,0.312,0.368,0.525,0.893,ARI
Akil Baddoo,2024,OF,26,21,82,73,7,10,2,2,2,5,1,0,8,27,0,1,0,0.137,0.22,0.301,0.521,DET
Alec Bohm,2024,3B,28,152,606,554,62,155,44,2,15,97,5,2,40,86,0,6,6,0.28,0.332,0.448,0.78,PHI
Alec Burleson,2024,OF,26,148,592,547,71,147,20,0,21,78,9,4,35,76,1,6,4,0.269,0.314,0.42,0.734,STL
Alejandro Kirk,2024,C,26,97,386,340,23,86,19,1,5,54,0,0,35,51,0,9,2,0.253,0.319,0.359,0.6779999999999999,TOR
Alek Thomas,2024,OF,24,26,102,95,13,18,5,1,3,17,4,1,7,17,1,0,0,0.189,0.245,0.358,0.603,ARI
Alex Bregman,2024,3B,30,159,634,581,79,151,30,2,26,75,3,1,44,86,0,4,5,0.26,0.315,0.453,0.768,HOU
Alex Call,2024,OF,30,29,113,99,15,34,9,0,3,14,5,1,12,19,0,0,2,0.343,0.425,0.525,0.95,WSH
Alex Jackson,2024,C,29,39,154,139,17,17,7,0,3,12,1,0,12,53,1,1,2,0.122,0.201,0.237,0.438,TB
Alex Kirilloff,2024,OF,27,45,178,159,20,32,8,3,5,20,0,0,15,47,0,3,1,0.201,0.27,0.384,0.654,MIN
Alex Verdugo,2024,OF,28,155,619,559,74,130,28,1,13,61,2,1,49,93,2,10,1,0.233,0.291,0.356,0.647,NYY
Ali Sanchez,2024,C,28,23,90,84,5,14,2,0,0,4,2,1,4,24,6,1,1,0.167,0.211,0.19,0.401,MIA
Alika Williams,2024,SS,25,23,91,87,13,18,4,2,0,5,1,0,3,22,5,0,1,0.207,0.242,0.299,0.5409999999999999,PIT
Amed Rosario,2024,2B,29,87,346,332,29,93,18,3,3,32,13,5,9,73,0,1,4,0.28,0.306,0.38,0.6859999999999999,LAD
Andres Chaparro,2024,DH,25,33,132,121,12,26,12,0,4,15,1,1,7,24,0,0,4,0.215,0.28,0.413,0.6930000000000001,WSH
Andres Gimenez,2024,2B,26,158,630,583,64,147,22,1,9,63,30,5,26,97,3,6,15,0.252,0.298,0.34,0.638,CLE
Andrew Benintendi,2024,OF,30,131,522,477,50,109,20,0,20,64,3,2,41,96,0,3,1,0.229,0.289,0.396,0.685,CWS
Andrew Knizner,2024,C,30,24,93,90,5,15,1,0,1,9,0,0,1,22,0,1,1,0.167,0.183,0.211,0.394,TEX
Andrew McCutchen,2024,DH,38,129,515,448,66,104,18,1,20,50,3,2,58,133,0,2,7,0.232,0.328,0.411,0.739,PIT
Andrew Vaughn,2024,1B,26,155,619,570,55,140,30,1,19,70,2,0,38,132,0,5,6,0.246,0.297,0.402,0.6990000000000001,CWS
Andruw Monasterio,2024,2B,27,36,142,125,14,26,5,0,1,16,6,2,16,40,0,0,1,0.208,0.303,0.272,0.575,MIL
Andy Ibanez,2024,2B,31,61,244,224,30,54,9,1,5,32,2,3,15,63,0,2,3,0.241,0.295,0.357,0.6519999999999999,DET
Andy Pages,2024,OF,24,111,442,403,65,100,23,1,13,46,1,2,29,108,0,4,6,0.248,0.305,0.407,0.712,LAD
Angel Martinez,2024,OF,23,42,168,151,16,35,7,0,3,11,3,1,15,33,1,2,0,0.232,0.298,0.338,0.636,CLE
Anthony Rendon,2024,3B,34,60,238,206,21,45,10,0,0,14,6,1,23,35,0,4,5,0.218,0.307,0.267,0.5740000000000001,LAA
Anthony Rizzo,2024,1B,35,94,375,337,38,77,12,0,8,35,0,0,27,65,0,2,9,0.228,0.301,0.335,0.636,NYY
Anthony Santander,2024,OF,30,162,665,595,91,140,25,2,44,102,2,0,58,129,0,5,7,0.235,0.308,0.506,0.8140000000000001,BAL
Anthony Volpe,2024,SS,23,162,686,637,90,155,27,7,12,60,28,7,42,156,2,3,4,0.243,0.293,0.364,0.657,NYY
Austin Barnes,2024,C,35,39,154,140,12,37,3,0,1,11,3,0,14,36,2,0,0,0.264,0.331,0.307,0.638,LAD
Austin Hays,2024,OF,29,64,254,235,26,60,18,0,5,20,2,2,9,59,1,2,8,0.255,0.303,0.396,0.6990000000000001,PHI
Austin Hedges,2024,C,32,36,143,132,12,20,3,0,2,15,2,0,6,50,3,2,3,0.152,0.203,0.22,0.42300000000000004,CLE
Austin Martin,2024,OF,25,64,255,233,41,59,18,1,1,16,7,3,20,47,2,0,2,0.253,0.318,0.352,0.6699999999999999,MIN
Austin Riley,2024,3B,27,118,469,425,63,109,26,2,19,56,0,0,37,118,0,2,5,0.256,0.322,0.461,0.783,ATL
Austin Slater,2024,OF,32,54,212,177,24,37,4,0,2,18,3,2,26,60,0,4,5,0.209,0.321,0.266,0.587,CIN
Austin Wells,2024,C,25,104,413,354,42,81,18,1,13,55,1,2,47,87,1,7,5,0.229,0.322,0.395,0.7170000000000001,NYY
Ben Gamel,2024,OF,32,26,99,81,22,20,4,0,1,4,1,0,18,24,0,0,0,0.247,0.384,0.333,0.7170000000000001,NYM
Ben Rice,2024,1B,26,45,178,152,20,26,6,0,7,23,0,1,20,48,0,5,1,0.171,0.264,0.349,0.613,NYY
Ben Rortvedt,2024,C,27,82,328,290,27,66,13,0,3,31,1,0,34,88,0,0,4,0.228,0.317,0.303,0.62,TB
Blake Perkins,2024,OF,28,109,434,383,54,92,13,2,6,43,23,5,42,108,0,6,3,0.24,0.316,0.332,0.648,MIL
Blaze Alexander,2024,SS,25,46,184,166,19,41,7,0,3,21,3,1,15,49,1,0,3,0.247,0.321,0.343,0.664,ARI
Bo Bichette,2024,SS,26,84,336,311,29,70,16,1,4,31,5,1,20,64,0,2,3,0.225,0.277,0.322,0.599,TOR
Bo Naylor,2024,C,25,97,387,354,39,71,10,2,13,39,6,3,29,122,2,2,2,0.201,0.264,0.35,0.614,CLE
Bobby Dalbec,2024,1B,29,23,92,83,6,11,2,0,1,8,3,0,8,43,1,0,1,0.133,0.217,0.193,0.41000000000000003,BOS
Bobby Witt,2024,SS,24,162,709,636,125,211,45,11,32,109,31,12,57,106,0,8,8,0.332,0.389,0.588,0.977,KC
Brandon Drury,2024,2B,32,90,360,325,28,55,7,0,4,15,1,0,27,81,0,3,5,0.169,0.242,0.228,0.47,LAA
Brandon Lowe,2024,2B,30,107,425,385,56,94,19,3,21,58,5,1,33,112,0,2,5,0.244,0.311,0.473,0.784,TB
Brandon Marsh,2024,OF,27,119,475,418,55,104,17,3,16,60,19,3,50,154,1,5,2,0.249,0.328,0.419,0.747,PHI
Brandon Nimmo,2024,OF,31,162,663,571,88,128,25,3,23,90,15,0,77,158,0,3,12,0.224,0.327,0.399,0.726,NYM
Brayan Rocchio,2024,SS,24,110,440,383,50,79,18,0,8,36,10,6,44,90,2,5,8,0.206,0.298,0.316,0.614,CLE
Brendan Donovan,2024,2B,28,162,652,587,65,163,34,3,14,73,5,5,47,81,0,5,13,0.278,0.342,0.417,0.759,STL
Brendan Rodgers,2024,2B,28,135,538,501,67,134,29,1,13,54,1,0,31,132,1,2,4,0.267,0.314,0.407,0.721,COL
Brent Rooker,2024,DH,30,154,614,546,82,160,26,2,39,112,11,3,59,177,0,4,5,0.293,0.365,0.562,0.927,OAK
Brenton Doyle,2024,OF,26,150,599,542,82,141,24,4,23,72,30,5,46,153,4,8,3,0.26,0.317,0.446,0.763,COL
Brett Baty,2024,3B,25,43,170,153,15,35,3,0,4,16,0,0,16,42,1,0,1,0.229,0.306,0.327,0.633,NYM
Brett Harris,2024,3B,26,31,123,103,15,15,3,0,3,12,0,3,17,25,0,1,2,0.146,0.276,0.262,0.538,OAK
Brett Wisely,2024,2B,25,68,270,252,25,60,13,1,4,31,2,3,13,65,2,3,2,0.238,0.278,0.345,0.623,SF
Brice Turang,2024,2B,25,154,614,559,72,142,24,4,7,57,50,6,50,105,5,3,2,0.254,0.316,0.349,0.665,MIL
Brooks Baldwin,2024,2B,24,30,120,114,9,24,6,0,2,8,4,0,6,31,1,0,0,0.211,0.25,0.316,0.5660000000000001,CWS
Brooks Lee,2024,SS,24,47,185,172,9,38,6,1,3,27,3,0,11,27,0,2,0,0.221,0.265,0.32,0.585,MIN
Bryan De La Cruz,2024,OF,28,156,621,584,61,136,25,0,21,68,5,2,29,170,0,5,3,0.233,0.271,0.384,0.655,PIT
Bryan Ramos,2024,3B,22,27,107,99,13,20,4,0,3,11,0,2,7,22,0,1,0,0.202,0.252,0.333,0.585,CWS
Bryan Reynolds,2024,OF,30,162,692,622,73,171,29,3,24,88,10,2,57,156,0,3,10,0.275,0.344,0.447,0.7909999999999999,PIT
Bryce Harper,2024,1B,32,158,630,550,85,157,42,0,30,87,7,4,76,138,1,2,2,0.285,0.373,0.525,0.898,PHI
Bryson Stott,2024,2B,27,143,571,506,65,124,19,2,11,57,32,3,53,93,0,9,3,0.245,0.315,0.356,0.671,PHI
Byron Buxton,2024,DH,31,97,388,355,62,99,27,3,18,56,7,2,20,99,0,2,11,0.279,0.335,0.524,0.859,MIN
CJ Abrams,2024,SS,24,151,601,541,79,133,29,6,20,65,31,12,40,128,1,4,16,0.246,0.314,0.433,0.747,WSH
Cal Raleigh,2024,C,28,157,628,546,73,120,16,0,34,100,6,1,70,176,0,6,6,0.22,0.312,0.436,0.748,SEA
Carlos Correa,2024,SS,30,92,366,319,55,99,20,2,14,54,0,0,40,61,0,4,3,0.31,0.388,0.517,0.905,MIN
Carlos Santana,2024,1B,38,149,594,521,63,124,26,0,23,71,4,0,65,99,0,2,6,0.238,0.328,0.42,0.748,MIN
Carson Kelly,2024,C,30,79,313,281,32,67,9,1,9,37,0,0,25,55,0,1,6,0.238,0.313,0.374,0.687,TEX
Casey Schmitt,2024,2B,25,29,113,107,11,27,4,1,6,16,0,0,4,25,0,1,1,0.252,0.283,0.477,0.76,SF
Cavan Biggio,2024,2B,29,57,220,188,27,37,5,0,5,19,2,0,24,72,2,0,8,0.197,0.314,0.303,0.617,ATL
Ceddanne Rafaela,2024,OF,24,143,569,544,70,134,23,5,15,75,19,10,15,151,2,3,7,0.246,0.274,0.39,0.664,BOS
Cedric Mullins,2024,OF,30,123,492,444,69,104,16,3,18,54,32,6,41,98,2,2,5,0.234,0.305,0.405,0.71,BAL
Charlie Blackmon,2024,OF,38,125,499,449,59,115,24,5,12,52,6,2,43,86,0,1,6,0.256,0.329,0.412,0.741,COL
Chas McCormick,2024,OF,29,67,266,242,32,51,6,1,5,27,8,2,17,72,1,3,4,0.211,0.271,0.306,0.577,HOU
Chris Taylor,2024,2B,34,62,245,213,28,43,7,1,4,23,5,1,28,76,1,2,2,0.202,0.298,0.3,0.598,LAD
Christian Bethancourt,2024,C,33,37,145,139,18,29,7,0,5,22,3,0,5,36,2,0,1,0.209,0.241,0.367,0.608,CHC
Christian Encarnacion-Strand,2024,1B,25,31,123,116,13,22,6,0,2,16,0,0,4,35,0,2,1,0.19,0.22,0.293,0.513,CIN
Christian Vazquez,2024,C,34,78,310,294,29,65,10,0,7,27,3,1,11,65,5,4,1,0.221,0.248,0.327,0.575,MIN
Christian Walker,2024,1B,33,138,552,479,72,120,26,0,26,84,2,2,55,133,0,8,10,0.251,0.335,0.468,0.803,ARI
Christian Yelich,2024,OF,33,79,313,270,44,85,12,3,11,42,21,1,40,58,1,1,2,0.315,0.406,0.504,0.91,MIL
Christopher Morel,2024,2B,25,154,611,535,56,105,11,3,21,60,8,7,61,159,0,5,10,0.196,0.288,0.346,0.6339999999999999,TB
Cody Bellinger,2024,OF,29,143,569,516,72,137,23,3,18,78,9,2,45,89,0,5,3,0.266,0.325,0.426,0.751,CHC
Colt Keith,2024,2B,23,139,556,516,54,134,15,4,13,61,7,1,36,110,0,2,2,0.26,0.309,0.38,0.6890000000000001,DET
Colton Cowser,2024,OF,24,141,561,499,77,121,24,3,24,69,9,4,52,172,0,3,7,0.242,0.321,0.447,0.768,BAL
Connor Joe,2024,OF,32,104,416,364,49,83,22,1,9,36,2,2,44,91,0,2,6,0.228,0.32,0.368,0.688,PIT
Connor Norby,2024,3B,24,49,194,178,32,42,9,0,9,20,3,3,15,64,0,1,0,0.236,0.294,0.438,0.732,BAL
Connor Wong,2024,C,28,122,486,447,54,125,24,1,13,52,8,7,28,114,1,2,9,0.28,0.333,0.425,0.758,BOS
Corbin Carroll,2024,OF,24,162,681,589,121,136,22,14,22,74,35,8,73,130,3,9,10,0.231,0.322,0.428,0.75,ARI
Corey Julks,2024,OF,28,48,189,173,17,37,7,0,3,14,5,2,15,50,0,1,0,0.214,0.275,0.306,0.581,CWS
Corey Seager,2024,SS,30,134,533,475,68,132,21,0,30,74,1,1,53,96,0,2,3,0.278,0.353,0.512,0.865,TEX
Cristian Pache,2024,OF,26,47,183,165,13,33,8,1,1,16,1,0,17,64,0,1,0,0.2,0.273,0.279,0.552,BAL
Curt Casali,2024,C,36,31,123,108,12,21,3,0,1,8,0,0,13,22,2,0,2,0.194,0.293,0.25,0.5429999999999999,SF
Curtis Mead,2024,2B,24,33,131,122,10,29,3,0,1,7,2,0,6,30,0,1,2,0.238,0.282,0.287,0.569,TB
DJ LeMahieu,2024,3B,36,57,227,201,19,41,5,0,2,26,0,1,19,35,1,6,1,0.204,0.269,0.259,0.528,NYY
DJ Stewart,2024,OF,31,49,194,158,16,28,4,0,5,19,1,0,31,48,0,1,4,0.177,0.325,0.297,0.622,NYM
Dairon Blanco,2024,OF,31,33,130,120,37,31,4,0,4,13,31,7,8,32,1,1,1,0.258,0.308,0.392,0.7,KC
Dane Myers,2024,OF,28,27,108,95,17,25,6,1,3,19,4,1,8,36,0,2,3,0.263,0.333,0.442,0.775,MIA
Daniel Schneemann,2024,SS,28,56,221,193,17,42,10,2,5,22,3,2,25,70,0,3,0,0.218,0.303,0.368,0.671,CLE
Danny Jansen,2024,C,29,81,324,278,35,57,13,0,9,24,0,0,40,61,0,3,3,0.205,0.309,0.349,0.6579999999999999,BOS
Danny Mendick,2024,SS,31,35,140,132,13,26,7,0,3,8,6,0,6,35,1,0,2,0.197,0.243,0.318,0.5609999999999999,CWS
Dansby Swanson,2024,SS,31,149,593,534,82,129,27,2,16,66,19,3,54,144,0,3,2,0.242,0.312,0.39,0.702,CHC
Darell Hernaiz,2024,3B,23,34,134,120,8,23,3,0,1,12,1,1,11,27,1,2,1,0.192,0.261,0.242,0.503,OAK
Daulton Varsho,2024,OF,28,128,512,459,73,98,21,7,18,58,10,2,48,137,1,1,4,0.214,0.293,0.407,0.7,TOR
David Fry,2024,C,29,98,390,335,44,88,18,1,14,51,4,1,42,84,0,4,9,0.263,0.356,0.448,0.804,CLE
David Hamilton,2024,2B,27,80,317,294,47,73,17,1,8,28,33,4,22,80,0,0,1,0.248,0.303,0.395,0.698,BOS
David Peralta,2024,OF,37,65,260,236,35,63,11,0,8,28,2,0,22,54,0,0,2,0.267,0.335,0.415,0.75,SD
Davis Schneider,2024,2B,26,114,454,397,48,76,19,1,13,46,6,0,47,144,0,5,5,0.191,0.282,0.343,0.625,TOR
Daz Cameron,2024,OF,28,47,186,170,22,34,5,1,5,15,5,0,13,51,0,2,1,0.2,0.258,0.329,0.587,OAK
Derek Hill,2024,OF,29,44,170,162,19,39,4,2,7,25,6,2,5,56,2,1,2,0.241,0.271,0.42,0.6910000000000001,SF
Dillon Dingler,2024,C,26,22,87,84,2,14,5,2,1,11,0,0,3,30,0,0,0,0.167,0.195,0.31,0.505,DET
Dominic Canzone,2024,OF,27,47,188,168,20,33,7,0,8,17,1,0,18,53,0,2,0,0.196,0.271,0.381,0.652,SEA
Dominic Fletcher,2024,OF,27,60,238,223,14,46,8,0,1,17,0,0,11,58,2,1,3,0.206,0.252,0.256,0.508,CWS
Dominic Smith,2024,1B,29,78,307,275,33,64,22,0,6,34,1,1,28,76,0,0,4,0.233,0.313,0.378,0.6910000000000001,CIN
Donovan Solano,2024,2B,37,78,309,283,31,81,13,0,8,35,2,1,22,65,0,1,3,0.286,0.343,0.417,0.76,SD
Dylan Carlson,2024,OF,26,67,265,235,19,49,7,0,3,25,2,1,22,75,0,3,5,0.209,0.287,0.277,0.5640000000000001,TB
Dylan Crews,2024,OF,22,33,132,119,12,26,5,1,3,8,12,3,11,26,0,1,1,0.218,0.288,0.353,0.641,WSH
Dylan Moore,2024,2B,32,110,440,368,53,74,23,4,10,42,32,6,53,123,1,5,14,0.201,0.32,0.367,0.687,SEA
Eddie Rosario,2024,OF,33,80,317,297,33,52,12,0,10,35,9,1,16,77,2,4,0,0.175,0.215,0.316,0.531,ATL
Edmundo Sosa,2024,SS,28,68,272,249,39,64,12,4,7,31,7,1,13,66,1,2,8,0.257,0.312,0.422,0.734,PHI
Edouard Julien,2024,2B,25,76,301,266,36,53,9,0,8,21,6,0,33,102,0,0,2,0.199,0.292,0.323,0.615,MIN
Edward Olivares,2024,OF,28,49,196,174,22,39,4,0,5,23,1,0,16,37,0,4,2,0.224,0.291,0.333,0.624,PIT
Elehuris Montero,2024,3B,26,62,247,224,23,46,10,0,4,28,0,0,20,56,0,3,0,0.205,0.267,0.304,0.571,COL
Elias Diaz,2024,C,34,88,349,325,27,86,20,0,6,39,0,0,20,69,0,0,4,0.265,0.315,0.382,0.6970000000000001,SD
Elly De La Cruz,2024,SS,23,162,694,618,105,160,36,10,25,76,67,16,69,218,2,1,6,0.259,0.339,0.471,0.81,CIN
Eloy Jimenez,2024,DH,28,87,348,324,25,77,14,0,6,23,3,0,22,70,0,0,2,0.238,0.29,0.336,0.626,BAL
Emmanuel Rivera,2024,3B,28,76,301,265,24,63,9,2,5,29,2,0,26,69,1,5,5,0.238,0.312,0.343,0.655,BAL
Enmanuel Valdez,2024,2B,26,55,218,201,23,43,12,0,6,28,1,1,17,53,1,0,0,0.214,0.275,0.363,0.638,BOS
Enrique Hernandez,2024,3B,33,98,392,362,44,83,16,0,12,42,0,0,27,77,1,3,0,0.229,0.281,0.373,0.654,LAD
Ernie Clement,2024,3B,28,113,450,434,48,114,21,3,12,51,12,3,11,41,2,2,3,0.263,0.284,0.408,0.692,TOR
Estevan Florial,2024,OF,27,28,110,98,11,17,6,2,3,11,2,1,11,41,1,0,1,0.173,0.264,0.367,0.631,CLE
Eugenio Suarez,2024,3B,33,160,640,571,90,146,28,2,30,101,2,1,49,176,0,11,9,0.256,0.319,0.469,0.788,ARI
Evan Carter,2024,OF,22,41,162,144,23,27,6,2,5,15,2,0,15,43,0,1,2,0.188,0.272,0.361,0.633,TEX
Ezequiel Duran,2024,3B,25,72,285,268,26,66,11,0,3,20,1,2,14,63,0,1,2,0.246,0.288,0.321,0.609,TEX
Ezequiel Tovar,2024,SS,23,162,689,655,83,176,45,4,26,78,6,5,23,200,5,7,4,0.269,0.295,0.469,0.764,COL
Fernando Tatis,2024,OF,26,110,438,398,64,110,21,1,21,49,11,3,32,96,0,1,7,0.276,0.34,0.492,0.8320000000000001,SD
Francisco Alvarez,2024,C,23,86,342,308,39,73,14,2,11,47,1,1,30,86,0,2,2,0.237,0.307,0.403,0.71,NYM
Francisco Lindor,2024,SS,31,162,689,618,107,169,39,1,33,91,29,4,56,127,0,3,12,0.273,0.344,0.5,0.844,NYM
Freddie Freeman,2024,1B,35,160,638,542,81,153,35,2,22,89,9,2,78,100,0,8,10,0.282,0.378,0.476,0.854,LAD
Freddy Fermin,2024,C,29,92,367,339,40,92,14,0,6,36,2,0,23,66,1,3,2,0.271,0.319,0.366,0.685,KC
Gabriel Arias,2024,SS,24,41,161,153,15,34,9,1,3,15,5,2,6,53,0,1,1,0.222,0.255,0.353,0.608,CLE
Gabriel Moreno,2024,C,25,88,351,305,39,81,18,1,5,45,3,1,41,52,0,3,2,0.266,0.353,0.38,0.733,ARI
Garrett Cooper,2024,1B,34,30,116,107,6,22,5,1,1,11,0,0,7,35,0,0,2,0.206,0.267,0.299,0.5660000000000001,CHC
Garrett Hampson,2024,SS,30,58,229,213,16,49,13,1,0,16,7,2,14,59,2,2,0,0.23,0.275,0.3,0.575,KC
Garrett Mitchell,2024,OF,26,56,222,196,33,50,12,3,8,21,11,4,25,71,2,0,1,0.255,0.342,0.469,0.8109999999999999,MIL
Garrett Stubbs,2024,C,31,47,186,164,18,34,4,1,1,11,5,0,17,50,0,1,4,0.207,0.296,0.262,0.558,PHI
Gary Sanchez,2024,C,32,70,280,245,30,54,7,1,11,37,0,0,27,76,0,3,5,0.22,0.307,0.392,0.6990000000000001,MIL
Gavin Lux,2024,2B,27,122,487,439,59,110,24,2,10,50,5,2,44,110,0,2,2,0.251,0.32,0.383,0.7030000000000001,LAD
Gavin Sheets,2024,OF,28,126,501,451,35,105,24,1,10,45,2,2,43,106,0,3,4,0.233,0.303,0.357,0.6599999999999999,CWS
George Springer,2024,OF,35,154,613,545,74,120,19,3,19,56,16,1,60,115,0,2,6,0.22,0.303,0.371,0.6739999999999999,TOR
Geraldo Perdomo,2024,SS,25,96,381,337,61,92,21,2,3,37,9,1,36,58,7,5,3,0.273,0.344,0.374,0.718,ARI
Giancarlo Stanton,2024,DH,35,115,459,417,49,97,20,0,27,72,0,0,38,143,0,2,2,0.233,0.298,0.475,0.7729999999999999,NYY
Gio Urshela,2024,3B,33,116,461,432,34,108,19,1,9,52,0,0,23,72,0,5,1,0.25,0.286,0.361,0.647,ATL
Gleyber Torres,2024,2B,28,162,663,587,80,151,26,0,15,63,4,3,65,136,2,8,3,0.257,0.33,0.378,0.708,NYY
Grant McCray,2024,OF,24,33,130,124,13,25,3,2,5,10,5,0,6,56,0,0,0,0.202,0.238,0.379,0.617,SF
Griffin Conine,2024,OF,27,23,89,82,14,22,4,1,3,12,0,0,6,28,0,0,1,0.268,0.326,0.451,0.777,MIA
Gunnar Henderson,2024,SS,23,162,719,630,118,177,31,7,37,92,21,4,78,159,0,4,7,0.281,0.364,0.529,0.893,BAL
Ha-Seong Kim,2024,SS,29,117,466,403,60,94,16,3,11,47,22,5,58,77,4,3,2,0.233,0.33,0.37,0.7,SD
Harold Ramirez,2024,DH,30,63,246,238,28,62,7,1,2,29,6,2,5,50,0,1,2,0.261,0.28,0.324,0.6040000000000001,WSH
Harrison Bader,2024,OF,30,110,437,402,57,95,19,0,12,51,17,8,21,95,0,6,8,0.236,0.284,0.373,0.657,NYM
Heliot Ramos,2024,OF,25,130,518,475,54,128,23,3,22,72,6,1,37,135,0,4,2,0.269,0.322,0.469,0.7909999999999999,SF
Henry Davis,2024,C,25,30,120,104,9,15,4,0,1,5,0,0,13,45,1,2,1,0.144,0.242,0.212,0.45399999999999996,PIT
Heston Kjerstad,2024,OF,26,29,114,99,8,25,2,0,4,14,1,0,10,33,0,0,5,0.253,0.351,0.394,0.745,BAL
Hunter Goodman,2024,C,25,56,222,211,24,40,9,0,13,36,1,1,8,64,0,0,3,0.19,0.23,0.417,0.647,COL
Hunter Renfroe,2024,OF,33,106,424,385,44,88,18,0,15,52,1,1,36,84,0,1,2,0.229,0.297,0.392,0.6890000000000001,KC
Ian Happ,2024,OF,30,162,657,569,89,138,34,2,25,86,13,2,80,168,0,2,6,0.243,0.341,0.441,0.782,CHC
Ildemaro Vargas,2024,3B,33,75,298,272,21,67,16,0,1,30,9,4,19,31,5,5,2,0.246,0.295,0.316,0.611,WSH
Isaac Paredes,2024,3B,26,161,641,542,64,129,25,1,19,80,1,1,76,105,0,6,17,0.238,0.346,0.393,0.739,CHC
Isiah Kiner-Falefa,2024,SS,29,124,493,465,53,125,18,4,8,43,11,2,16,78,3,2,10,0.269,0.306,0.376,0.6819999999999999,PIT
Ivan Herrera,2024,C,24,65,258,229,37,69,12,1,5,27,5,0,25,53,0,2,2,0.301,0.372,0.428,0.8,STL
J.D. Davis,2024,3B,31,40,157,142,13,31,5,0,4,6,0,0,12,39,0,0,3,0.218,0.293,0.338,0.631,NYY
J.D. Martinez,2024,DH,37,123,491,434,46,102,24,1,16,69,0,0,49,141,0,2,6,0.235,0.32,0.406,0.726,NYM
J.P. Crawford,2024,SS,30,113,451,392,55,79,16,2,9,37,5,0,52,102,0,1,6,0.202,0.304,0.321,0.625,SEA
J.T. Realmuto,2024,C,33,104,413,380,50,101,18,1,14,47,2,2,27,102,0,1,5,0.266,0.322,0.429,0.751,PHI
JJ Bleday,2024,OF,27,161,641,572,74,139,43,4,20,60,2,3,67,125,1,0,2,0.243,0.324,0.437,0.761,OAK
Jace Jung,2024,3B,24,24,94,79,14,19,5,0,0,3,0,1,15,29,0,0,0,0.241,0.362,0.304,0.6659999999999999,DET
Jack Suwinski,2024,OF,26,69,276,247,29,45,8,0,9,26,9,1,27,79,1,1,1,0.182,0.264,0.324,0.5880000000000001,PIT
Jackson Chourio,2024,OF,20,143,572,528,80,145,29,4,21,79,22,7,39,121,1,2,3,0.275,0.327,0.464,0.791,MIL
Jackson Holliday,2024,2B,21,52,208,190,28,36,4,2,5,23,4,0,15,69,0,1,2,0.189,0.255,0.311,0.5660000000000001,BAL
Jackson Merrill,2024,OF,21,148,589,554,77,162,31,6,24,90,16,3,29,101,0,5,1,0.292,0.326,0.5,0.8260000000000001,SD
Jacob Stallings,2024,C,35,70,280,243,31,64,17,1,9,36,0,0,27,65,1,1,9,0.263,0.357,0.453,0.81,COL
Jacob Wilson,2024,SS,22,26,101,92,11,23,2,2,0,3,0,0,8,10,1,0,1,0.25,0.317,0.315,0.632,OAK
Jacob Young,2024,OF,25,128,512,468,75,120,24,1,3,36,33,10,30,102,9,2,12,0.256,0.316,0.331,0.647,WSH
Jake Bauers,2024,1B,29,87,346,302,45,60,9,2,12,43,13,1,39,118,0,0,5,0.199,0.301,0.361,0.6619999999999999,MIL
Jake Burger,2024,1B,28,145,579,535,68,134,23,1,29,76,1,1,31,150,0,4,9,0.25,0.301,0.46,0.761,MIA
Jake Cave,2024,OF,32,87,345,323,42,81,16,5,7,37,5,2,18,98,1,3,1,0.251,0.29,0.396,0.6859999999999999,COL
Jake Cronenworth,2024,2B,31,162,652,577,72,139,29,3,17,83,5,2,61,118,1,3,11,0.241,0.324,0.39,0.714,SD
Jake Fraley,2024,OF,29,96,382,350,44,97,19,2,5,26,20,5,26,70,0,3,3,0.277,0.33,0.386,0.716,CIN
Jake McCarthy,2024,OF,27,123,490,442,66,126,13,7,8,56,25,6,31,78,5,3,14,0.285,0.349,0.4,0.749,ARI
Jake Meyers,2024,OF,28,128,510,461,51,101,20,3,13,61,11,3,35,117,3,4,10,0.219,0.286,0.36,0.6459999999999999,HOU
Jake Rogers,2024,C,29,85,337,310,43,61,16,1,10,36,1,0,22,99,0,2,3,0.197,0.255,0.352,0.607,DET
James McCann,2024,C,34,59,233,214,27,50,9,0,8,31,1,0,13,56,0,4,2,0.234,0.279,0.388,0.667,BAL
James Outman,2024,OF,27,39,156,136,12,20,4,0,4,11,2,1,16,55,0,0,4,0.147,0.256,0.265,0.521,LAD
James Wood,2024,OF,22,84,336,295,43,78,13,4,9,41,14,8,39,97,0,0,2,0.264,0.354,0.427,0.7809999999999999,WSH
Jared Triolo,2024,3B,27,112,446,394,41,85,10,1,9,46,8,1,42,118,0,5,5,0.216,0.296,0.315,0.611,PIT
Jarred Kelenic,2024,OF,25,112,448,412,49,95,18,2,15,45,7,2,32,133,1,3,1,0.231,0.286,0.393,0.679,ATL
Jarren Duran,2024,OF,28,162,734,671,111,191,48,14,21,75,34,7,54,160,1,3,6,0.285,0.342,0.492,0.8340000000000001,BOS
Jason Heyward,2024,OF,35,65,257,228,33,48,12,2,10,37,5,0,22,53,0,3,4,0.211,0.288,0.412,0.7,HOU
Javier Baez,2024,SS,32,73,289,272,25,50,12,0,6,37,8,1,12,69,0,3,2,0.184,0.221,0.294,0.515,DET
Jazz Chisholm,2024,3B,27,156,621,562,74,144,21,4,24,73,40,10,53,152,0,2,4,0.256,0.324,0.436,0.76,NYY
Jeff McNeil,2024,2B,32,118,471,424,57,101,26,0,12,44,5,1,35,68,1,3,9,0.238,0.308,0.384,0.692,NYM
Jeimer Candelario,2024,1B,31,116,463,427,47,96,23,2,20,56,4,3,27,114,0,3,6,0.225,0.279,0.429,0.708,CIN
Jerar Encarnacion,2024,OF,27,30,119,113,13,28,5,0,5,19,1,0,5,34,0,1,0,0.248,0.277,0.425,0.702,SF
Jeremy Pena,2024,SS,27,162,647,602,78,160,28,2,15,70,20,6,25,111,3,6,14,0.266,0.308,0.394,0.702,HOU
Jesse Winker,2024,OF,31,128,506,430,63,109,23,0,14,58,14,4,63,106,2,3,10,0.253,0.36,0.405,0.765,NYM
Jesus Sanchez,2024,OF,27,134,536,489,60,123,25,1,18,64,16,2,41,140,1,2,4,0.252,0.313,0.417,0.73,MIA
Jhonkensy Noel,2024,OF,23,50,198,179,25,39,7,1,13,28,0,0,13,63,0,1,5,0.218,0.288,0.486,0.774,CLE
Ji Hwan Bae,2024,OF,25,21,81,74,11,14,2,0,0,6,6,2,6,24,0,1,0,0.189,0.247,0.216,0.46299999999999997,PIT
Jo Adell,2024,OF,25,113,450,405,54,84,15,2,20,62,15,10,35,126,0,3,7,0.207,0.28,0.402,0.682,LAA
Joc Pederson,2024,DH,32,111,443,367,62,101,17,1,23,64,7,4,55,105,1,3,18,0.275,0.393,0.515,0.908,ARI
Joey Bart,2024,C,28,71,282,253,38,67,11,0,13,45,0,0,22,73,0,1,6,0.265,0.337,0.462,0.799,PIT
Joey Gallo,2024,OF,31,65,260,223,24,36,9,0,10,27,3,1,32,102,0,1,4,0.161,0.277,0.336,0.613,WSH
Joey Loperfido,2024,OF,25,66,261,243,24,52,13,4,4,25,4,2,13,95,1,1,4,0.214,0.264,0.35,0.614,HOU
Joey Meneses,2024,DH,32,79,313,281,19,65,11,0,3,42,2,0,21,63,0,6,5,0.231,0.291,0.302,0.593,WSH
Joey Ortiz,2024,3B,26,127,508,440,58,105,25,6,11,60,11,6,56,103,3,6,6,0.239,0.329,0.398,0.7270000000000001,MIL
Johan Rojas,2024,OF,24,89,355,338,47,82,12,3,3,32,25,4,13,69,8,0,4,0.243,0.279,0.322,0.601,PHI
Jon Singleton,2024,1B,33,102,405,355,46,83,13,1,13,42,0,0,47,111,0,3,0,0.234,0.321,0.386,0.7070000000000001,HOU
Jonah Bride,2024,1B,29,68,272,232,30,64,10,0,11,39,0,1,30,55,0,7,3,0.276,0.357,0.461,0.8180000000000001,MIA
Jonah Heim,2024,C,29,123,491,459,45,101,12,1,13,59,1,1,26,90,0,2,4,0.22,0.267,0.336,0.603,TEX
Jonathan Aranda,2024,1B,26,36,143,128,22,30,7,0,6,14,0,0,12,32,0,1,2,0.234,0.308,0.43,0.738,TB
Jonathan India,2024,2B,28,159,635,533,84,132,28,2,15,58,13,2,80,125,2,7,15,0.248,0.357,0.392,0.749,CIN
Jonny DeLuca,2024,OF,26,90,360,332,29,72,12,4,6,31,16,6,24,77,2,0,4,0.217,0.278,0.331,0.609,TB
Jordan Beck,2024,OF,23,46,184,170,14,32,6,0,3,13,7,1,12,65,0,1,1,0.188,0.245,0.276,0.521,COL
Jordan Walker,2024,OF,22,45,178,164,16,33,10,1,5,20,1,0,10,50,0,2,2,0.201,0.253,0.366,0.619,STL
Jordan Westburg,2024,2B,26,112,446,416,57,110,26,5,18,63,6,3,22,97,1,1,7,0.264,0.312,0.481,0.7929999999999999,BAL
Jorge Mateo,2024,2B,29,52,206,192,30,44,14,2,5,18,13,2,10,48,2,3,1,0.229,0.267,0.401,0.668,BAL
Jorge Polanco,2024,2B,31,118,469,417,43,89,11,0,16,45,4,2,46,137,0,2,4,0.213,0.296,0.355,0.651,SEA
Jorge Soler,2024,OF,32,143,571,493,84,119,34,1,21,64,1,0,68,141,0,4,6,0.241,0.338,0.442,0.78,ATL
Jose Abreu,2024,1B,38,30,119,113,10,14,2,0,2,7,0,0,4,28,0,0,2,0.124,0.168,0.195,0.363,HOU
Jose Altuve,2024,2B,34,162,682,628,94,185,31,0,20,65,22,7,47,119,0,0,7,0.295,0.35,0.439,0.7889999999999999,HOU
Jose Caballero,2024,SS,28,120,480,441,53,100,24,1,9,44,44,16,27,133,3,3,9,0.227,0.283,0.347,0.6299999999999999,TB
Jose Herrera,2024,C,28,27,107,97,11,22,4,1,1,13,0,0,9,27,7,1,0,0.227,0.29,0.32,0.61,ARI
Jose Iglesias,2024,2B,35,73,290,270,39,91,16,1,4,26,6,2,12,39,0,0,8,0.337,0.383,0.448,0.831,NYM
Jose Miranda,2024,3B,26,108,429,401,44,114,28,4,9,49,2,2,18,66,0,4,6,0.284,0.322,0.441,0.763,MIN
Jose Ramirez,2024,3B,32,162,681,620,114,173,39,2,39,118,41,7,54,82,0,6,1,0.279,0.335,0.537,0.8720000000000001,CLE
Jose Siri,2024,OF,29,111,444,402,50,75,16,1,18,47,14,7,31,170,2,4,7,0.187,0.255,0.366,0.621,TB
Jose Tena,2024,3B,23,42,168,161,14,43,5,0,3,15,6,1,7,41,0,0,0,0.267,0.298,0.354,0.6519999999999999,CLE
Jose Trevino,2024,C,32,59,233,209,26,45,5,0,8,28,1,0,20,41,1,2,2,0.215,0.288,0.354,0.6419999999999999,NYY
Josh Bell,2024,1B,32,150,598,538,62,134,23,2,19,71,0,1,51,120,0,3,6,0.249,0.319,0.405,0.724,ARI
Josh Jung,2024,3B,27,47,188,178,19,47,5,1,7,16,4,0,8,48,0,1,1,0.264,0.298,0.421,0.719,TEX
Josh Lowe,2024,OF,27,97,387,353,37,85,19,2,10,34,25,1,32,123,0,2,0,0.241,0.302,0.391,0.6930000000000001,TB
Josh Naylor,2024,1B,27,158,632,563,84,137,27,0,31,108,6,2,58,105,0,4,7,0.243,0.32,0.456,0.776,CLE
Josh Rojas,2024,3B,30,119,473,422,48,95,19,2,8,31,10,4,46,108,1,2,3,0.225,0.304,0.336,0.64,SEA
Josh Smith,2024,3B,27,148,590,523,67,135,30,1,13,62,11,2,46,121,2,3,18,0.258,0.337,0.394,0.7310000000000001,TEX
Juan Soto,2024,OF,26,162,713,576,128,166,31,4,41,109,7,4,129,119,0,4,4,0.288,0.419,0.569,0.988,NYY
Juan Yepez,2024,1B,27,62,248,226,32,64,15,0,6,26,2,1,18,42,1,3,1,0.283,0.335,0.429,0.764,WSH
Julio Rodriguez,2024,OF,24,154,613,567,76,155,17,0,20,68,24,5,38,156,0,2,6,0.273,0.325,0.409,0.734,SEA
Jung Hoo Lee,2024,OF,26,40,158,145,15,38,4,0,2,8,2,3,10,13,0,2,1,0.262,0.31,0.331,0.641,SF
Junior Caminero,2024,3B,21,45,177,165,15,41,9,1,6,18,2,0,11,38,0,0,1,0.248,0.299,0.424,0.723,TB
Jurickson Profar,2024,OF,32,162,663,564,94,158,29,0,24,85,10,3,76,101,5,5,18,0.28,0.38,0.459,0.839,SD
Justin Turner,2024,1B,40,136,539,460,59,119,24,0,11,55,0,2,59,95,0,7,13,0.259,0.354,0.383,0.737,SEA
Justyn-Henry Malloy,2024,OF,25,58,230,202,18,41,7,1,8,21,1,1,23,85,0,2,3,0.203,0.291,0.366,0.657,DET
Ke'Bryan Hayes,2024,3B,28,99,396,365,38,85,9,0,4,25,11,2,23,75,0,4,4,0.233,0.283,0.29,0.573,PIT
Keibert Ruiz,2024,C,26,122,485,459,46,105,21,0,13,57,3,1,16,54,0,5,5,0.229,0.26,0.359,0.619,WSH
Kerry Carpenter,2024,OF,27,74,293,264,37,75,16,5,18,57,0,2,22,75,0,3,4,0.284,0.345,0.587,0.9319999999999999,DET
Ketel Marte,2024,2B,31,146,583,504,93,147,23,2,36,95,7,1,65,106,0,9,5,0.292,0.372,0.56,0.932,ARI
Kevin Kiermaier,2024,OF,34,69,274,259,31,51,9,3,5,26,6,2,12,86,7,1,2,0.197,0.237,0.313,0.55,LAD
Kevin Newman,2024,SS,31,76,303,288,41,80,17,1,3,28,8,1,15,48,6,0,0,0.278,0.314,0.375,0.6890000000000001,ARI
Kevin Pillar,2024,OF,36,79,312,284,38,65,16,1,8,45,12,3,16,69,1,2,10,0.229,0.292,0.377,0.669,CWS
Kody Clemens,2024,3B,28,30,120,114,17,25,9,1,5,18,0,0,5,29,0,0,1,0.219,0.258,0.447,0.7050000000000001,PHI
Korey Lee,2024,C,26,99,394,377,36,79,14,1,12,37,6,3,17,122,0,0,0,0.21,0.244,0.347,0.591,CWS
Kris Bryant,2024,DH,33,39,154,133,9,29,5,0,2,15,0,0,13,48,0,0,8,0.218,0.325,0.301,0.626,COL
Kyle Farmer,2024,SS,34,60,240,215,26,46,13,1,5,25,3,5,19,49,0,0,6,0.214,0.296,0.353,0.649,MIN
Kyle Higashioka,2024,C,34,66,262,246,29,54,10,1,17,45,2,0,15,74,1,1,0,0.22,0.263,0.476,0.739,SD
Kyle Isbel,2024,OF,27,105,418,384,62,88,13,8,8,42,11,2,27,88,8,2,5,0.229,0.287,0.367,0.6539999999999999,KC
Kyle Manzardo,2024,DH,24,39,156,145,11,34,12,0,5,15,0,0,9,41,0,1,1,0.234,0.282,0.421,0.703,CLE
Kyle McCann,2024,C,27,40,157,140,13,33,4,0,5,15,0,0,16,59,0,0,1,0.236,0.318,0.371,0.6890000000000001,OAK
Kyle Schwarber,2024,DH,31,162,692,573,110,142,22,0,38,104,5,3,106,197,0,8,5,0.248,0.366,0.485,0.851,PHI
Kyle Stowers,2024,OF,27,53,209,192,15,40,11,2,3,24,0,1,13,74,0,1,3,0.208,0.268,0.333,0.601,BAL
Kyle Tucker,2024,OF,28,84,336,277,56,80,13,0,23,49,11,0,56,54,0,2,1,0.289,0.408,0.585,0.9929999999999999,HOU
LaMonte Wade,2024,1B,31,100,400,331,45,86,16,0,8,34,2,1,62,90,1,3,4,0.26,0.38,0.381,0.761,SF
Lane Thomas,2024,OF,29,133,528,472,65,112,26,3,15,63,32,14,44,137,0,5,7,0.237,0.309,0.4,0.7090000000000001,CLE
Lars Nootbaar,2024,OF,27,101,404,348,39,85,18,3,12,45,7,3,52,79,1,3,1,0.244,0.342,0.417,0.759,STL
Lawrence Butler,2024,OF,24,113,451,412,63,108,24,2,22,57,18,0,35,108,0,4,0,0.262,0.317,0.49,0.8069999999999999,OAK
Lenyn Sosa,2024,2B,25,92,367,351,28,89,13,0,8,35,3,1,12,77,2,1,3,0.254,0.283,0.359,0.6419999999999999,CWS
Leo Jimenez,2024,SS,23,53,210,179,18,41,11,0,4,19,0,0,12,59,0,3,16,0.229,0.329,0.358,0.687,TOR
Leo Rivas,2024,2B,27,21,84,73,10,17,1,1,0,8,3,0,10,24,2,0,1,0.233,0.333,0.274,0.607,SEA
Leody Taveras,2024,OF,26,132,526,480,59,110,17,3,12,44,23,6,42,112,3,4,0,0.229,0.289,0.352,0.641,TEX
Logan O'Hoppe,2024,C,25,130,520,479,64,117,17,1,20,56,2,3,33,155,1,0,8,0.244,0.304,0.409,0.713,LAA
Lourdes Gurriel,2024,OF,31,139,553,513,72,143,22,2,18,75,7,1,29,101,0,5,6,0.279,0.322,0.435,0.757,ARI
Luis Arraez,2024,1B,27,162,670,637,83,200,32,3,4,46,9,3,24,29,2,1,8,0.314,0.346,0.392,0.738,MIA
Luis Campusano,2024,C,26,75,299,277,37,63,13,0,8,40,0,0,20,41,0,1,1,0.227,0.281,0.361,0.642,SD
Luis Garcia,2024,2B,24,132,528,500,58,141,25,1,18,70,22,5,27,86,0,1,0,0.282,0.318,0.444,0.762,WSH
Luis Guillorme,2024,2B,30,48,186,161,14,33,9,1,0,10,4,2,23,36,1,2,0,0.205,0.301,0.273,0.5740000000000001,ATL
Luis Matos,2024,OF,23,39,156,150,14,32,5,0,5,25,0,0,5,24,0,1,0,0.213,0.237,0.347,0.584,SF
Luis Rengifo,2024,2B,27,76,303,283,41,85,13,1,6,30,24,7,16,44,1,0,4,0.3,0.347,0.417,0.764,LAA
Luis Robert,2024,OF,27,106,424,393,47,88,19,0,14,35,23,6,28,141,0,1,2,0.224,0.278,0.379,0.657,CWS
Luis Torrens,2024,C,28,33,130,118,14,27,8,0,3,15,0,1,9,28,0,1,2,0.229,0.292,0.373,0.665,NYM
Luis Urias,2024,3B,27,28,109,94,11,18,7,0,4,16,0,0,9,34,0,0,6,0.191,0.303,0.394,0.6970000000000001,SEA
Luke Maile,2024,C,34,39,153,135,8,24,4,0,2,8,2,0,13,52,1,1,4,0.178,0.268,0.252,0.52,CIN
Luke Raley,2024,1B,30,114,453,404,58,98,19,2,22,58,11,2,27,135,2,2,20,0.243,0.32,0.463,0.783,SEA
MJ Melendez,2024,OF,26,113,450,412,44,85,23,3,17,44,4,4,35,113,0,0,3,0.206,0.273,0.4,0.673,KC
Maikel Garcia,2024,3B,24,156,622,575,84,133,27,5,7,58,37,2,42,103,4,5,0,0.231,0.281,0.332,0.613,KC
Manny Machado,2024,3B,32,161,643,593,77,163,30,0,29,105,11,2,45,124,0,4,1,0.275,0.325,0.472,0.7969999999999999,SD
Manuel Margot,2024,OF,30,86,342,315,37,75,17,1,4,31,5,0,21,54,1,3,3,0.238,0.289,0.337,0.626,MIN
Marcell Ozuna,2024,DH,34,162,687,606,96,183,31,0,39,104,1,0,74,170,0,4,3,0.302,0.378,0.546,0.924,ATL
Marco Luciano,2024,SS,23,21,81,76,10,16,5,1,0,3,0,1,5,28,0,0,0,0.211,0.259,0.303,0.562,SF
Marcus Semien,2024,2B,34,162,718,650,101,154,27,2,23,74,8,3,64,105,0,1,3,0.237,0.308,0.391,0.6990000000000001,TEX
Mark Canha,2024,OF,36,117,462,393,46,95,20,0,7,42,7,0,51,96,0,5,13,0.242,0.344,0.346,0.69,SF
Mark Vientos,2024,3B,25,114,454,413,58,110,22,0,27,71,0,0,33,135,0,5,3,0.266,0.322,0.516,0.8380000000000001,NYM
Martin Maldonado,2024,C,38,36,144,135,9,16,3,0,4,11,0,0,8,51,3,0,1,0.119,0.174,0.23,0.404,CWS
Masataka Yoshida,2024,DH,31,105,419,378,45,106,21,0,10,56,2,0,27,52,0,0,14,0.28,0.351,0.415,0.766,BOS
Masyn Winn,2024,SS,22,159,634,587,85,157,32,5,15,57,11,5,41,109,3,5,1,0.267,0.314,0.416,0.73,STL
Matt Carpenter,2024,DH,39,39,156,137,15,32,7,0,4,15,0,2,15,51,0,2,2,0.234,0.314,0.372,0.6859999999999999,STL
Matt Chapman,2024,3B,31,162,647,575,98,142,39,2,27,78,15,2,64,158,0,2,6,0.247,0.328,0.463,0.791,SF
Matt Olson,2024,1B,30,162,685,600,78,148,37,1,29,98,0,0,71,170,0,5,9,0.247,0.333,0.457,0.79,ATL
Matt Thaiss,2024,C,29,47,186,157,14,32,9,0,2,16,3,0,28,58,0,1,0,0.204,0.323,0.299,0.622,LAA
Matt Vierling,2024,OF,28,142,567,518,80,133,28,5,16,57,6,1,41,121,0,5,3,0.257,0.312,0.423,0.735,DET
Matt Wallner,2024,OF,27,66,261,220,26,57,17,1,13,37,3,0,24,95,0,1,16,0.259,0.372,0.523,0.895,MIN
Mauricio Dubon,2024,OF,30,107,425,402,45,108,25,0,4,47,3,2,16,55,3,5,2,0.269,0.296,0.361,0.657,HOU
Max Kepler,2024,OF,32,100,398,368,43,93,21,1,8,42,1,0,22,80,0,3,5,0.253,0.302,0.38,0.6819999999999999,MIN
Max Muncy,2024,3B,34,74,293,237,47,55,17,0,15,48,1,0,45,77,0,6,5,0.232,0.358,0.494,0.852,LAD
Max Schuemann,2024,SS,27,114,454,396,55,87,14,0,7,34,14,1,47,119,5,4,7,0.22,0.311,0.308,0.619,OAK
Michael Busch,2024,1B,27,142,567,496,73,123,28,2,21,65,2,1,63,162,0,4,4,0.248,0.335,0.44,0.775,CHC
Michael Conforto,2024,OF,31,122,488,438,56,104,27,3,20,66,0,1,42,118,0,3,5,0.237,0.309,0.45,0.759,SF
Michael Harris,2024,OF,23,118,470,440,58,116,14,3,16,48,10,6,23,94,0,3,4,0.264,0.304,0.418,0.722,ATL
Michael Massey,2024,2B,26,89,354,332,45,86,17,2,14,45,1,0,15,56,0,4,3,0.259,0.294,0.449,0.743,KC
Michael Siani,2024,OF,25,81,323,298,42,68,7,2,2,20,20,3,21,92,11,1,3,0.228,0.285,0.285,0.57,STL
Michael Stefanic,2024,2B,29,31,123,110,8,24,4,0,0,8,0,0,10,20,1,0,3,0.218,0.301,0.255,0.556,LAA
Michael Taylor,2024,OF,33,74,296,269,35,52,9,1,5,21,12,1,23,105,4,4,0,0.193,0.253,0.29,0.5429999999999999,PIT
Michael Toglia,2024,1B,26,115,457,399,62,87,14,3,25,55,10,1,54,147,0,3,1,0.218,0.311,0.456,0.767,COL
Mickey Moniak,2024,OF,26,105,418,392,48,86,17,2,14,49,8,4,21,114,0,1,4,0.219,0.266,0.38,0.646,LAA
Miguel Amaya,2024,C,25,90,358,328,32,76,13,2,8,47,0,0,23,62,0,3,4,0.232,0.288,0.357,0.645,CHC
Miguel Andujar,2024,OF,29,80,319,302,31,86,14,1,4,30,3,2,13,42,0,1,3,0.285,0.32,0.377,0.6970000000000001,OAK
Miguel Rojas,2024,SS,36,84,335,307,41,87,21,0,6,36,8,2,23,34,2,2,3,0.283,0.337,0.41,0.747,LAD
Miguel Sano,2024,1B,31,24,95,83,9,17,3,0,2,6,0,0,9,36,0,1,2,0.205,0.295,0.313,0.608,LAA
Miguel Vargas,2024,3B,25,60,237,206,22,31,7,0,5,16,3,1,25,57,0,3,3,0.15,0.249,0.257,0.506,LAD
Mike Tauchman,2024,OF,34,88,350,298,50,74,12,1,7,29,6,2,47,70,0,1,4,0.248,0.357,0.366,0.723,CHC
Mike Trout,2024,OF,33,32,126,109,17,24,1,2,10,14,6,1,16,27,0,0,1,0.22,0.325,0.541,0.8660000000000001,LAA
Mike Yastrzemski,2024,OF,34,119,473,428,60,99,16,9,18,57,3,2,38,124,1,1,6,0.231,0.302,0.437,0.739,SF
Miles Mastrobuoni,2024,3B,29,27,106,98,9,19,3,0,0,4,2,0,7,17,0,1,0,0.194,0.245,0.224,0.469,CHC
Mitch Garver,2024,C,34,108,430,367,37,63,17,0,15,51,0,0,53,133,0,3,7,0.172,0.286,0.341,0.627,SEA
Mitch Haniger,2024,OF,34,106,423,380,42,79,12,0,12,44,0,0,40,126,0,1,2,0.208,0.286,0.334,0.62,SEA
Mookie Betts,2024,OF,32,129,516,450,75,130,24,5,19,75,16,2,61,57,0,4,1,0.289,0.372,0.491,0.863,LAD
Nathan Lukes,2024,OF,30,23,89,76,13,23,4,2,1,10,1,0,10,9,2,3,0,0.303,0.371,0.447,0.8180000000000001,TOR
Nathaniel Lowe,2024,1B,29,142,565,486,62,129,16,1,16,69,2,0,71,125,0,4,4,0.265,0.361,0.401,0.762,TEX
Nelson Velazquez,2024,DH,26,58,230,205,31,41,8,1,8,27,2,0,19,61,0,3,3,0.2,0.274,0.366,0.64,KC
Nick Ahmed,2024,SS,34,58,225,210,20,48,6,1,2,17,2,1,11,51,3,3,1,0.229,0.267,0.295,0.562,SD
Nick Allen,2024,SS,26,26,102,97,6,17,4,0,1,4,0,0,5,20,3,0,0,0.175,0.216,0.247,0.46299999999999997,OAK
Nick Castellanos,2024,OF,32,162,659,606,80,154,30,4,23,86,6,2,41,139,0,2,10,0.254,0.311,0.431,0.742,PHI
Nick Fortes,2024,C,28,82,328,308,28,70,16,0,4,29,0,1,11,41,7,5,4,0.227,0.259,0.318,0.577,MIA
Nick Gonzales,2024,2B,25,97,386,359,42,97,19,3,7,49,5,3,18,74,1,4,5,0.27,0.311,0.398,0.7090000000000001,PIT
Nick Gordon,2024,OF,29,69,275,260,29,59,11,1,8,32,5,5,11,67,0,3,1,0.227,0.258,0.369,0.627,MIA
Nick Loftin,2024,1B,26,43,170,148,15,28,4,0,1,14,1,0,19,24,1,2,1,0.189,0.282,0.236,0.518,KC
Nick Madrigal,2024,2B,27,24,93,86,5,19,3,0,0,10,1,0,4,10,1,0,3,0.221,0.28,0.256,0.536,CHC
Nick Martini,2024,OF,34,41,162,146,23,31,4,2,5,24,1,3,9,38,0,3,4,0.212,0.272,0.37,0.642,CIN
Nick Senzel,2024,OF,29,67,265,236,25,46,11,0,7,18,1,3,28,61,1,0,1,0.195,0.283,0.331,0.614,CWS
Nick Sogard,2024,SS,27,22,86,77,13,21,4,0,0,8,3,0,7,25,0,2,0,0.273,0.326,0.325,0.651,BOS
Nicky Lopez,2024,2B,29,110,439,398,40,96,12,3,1,21,5,7,37,67,6,0,4,0.241,0.312,0.294,0.606,CWS
Nico Hoerner,2024,2B,27,161,641,582,86,159,35,1,7,48,31,6,44,66,0,3,12,0.273,0.335,0.373,0.708,CHC
Niko Kavadas,2024,DH,26,27,106,93,11,17,2,0,4,8,1,0,11,41,0,0,2,0.183,0.283,0.333,0.616,LAA
Noelvi Marte,2024,3B,23,61,242,229,24,48,9,0,4,18,9,3,9,75,0,1,3,0.21,0.248,0.301,0.5489999999999999,CIN
Nolan Arenado,2024,3B,33,157,627,578,70,157,23,0,16,71,2,2,44,92,0,0,5,0.272,0.329,0.394,0.7230000000000001,STL
Nolan Gorman,2024,2B,24,101,402,365,42,74,15,0,19,50,6,1,34,151,0,2,1,0.203,0.271,0.4,0.671,STL
Nolan Jones,2024,OF,26,74,296,256,28,58,13,1,3,28,5,4,36,91,1,3,1,0.227,0.321,0.32,0.641,COL
Nolan Schanuel,2024,1B,23,151,603,519,62,130,19,0,13,54,10,1,68,103,3,7,9,0.25,0.343,0.362,0.7050000000000001,LAA
Oliver Dunn,2024,2B,27,26,103,95,11,21,2,2,1,7,3,0,6,40,1,0,2,0.221,0.282,0.316,0.598,MIL
Oneil Cruz,2024,OF,26,150,599,541,72,140,34,3,21,76,22,1,51,181,0,4,3,0.259,0.324,0.449,0.773,PIT
Orlando Arcia,2024,SS,30,151,601,551,50,120,24,0,17,46,2,0,41,128,1,7,2,0.218,0.271,0.354,0.625,ATL
Oswaldo Cabrera,2024,3B,25,81,324,299,47,74,11,0,8,36,4,2,21,63,2,3,1,0.247,0.296,0.365,0.661,NYY
Otto Lopez,2024,2B,26,108,431,403,49,109,23,1,6,39,20,4,25,75,2,2,1,0.27,0.313,0.377,0.69,MIA
Ozzie Albies,2024,2B,28,109,435,399,52,100,29,1,10,53,8,1,27,65,0,4,5,0.251,0.303,0.404,0.7070000000000001,ATL
Parker Meadows,2024,OF,25,75,297,270,39,66,12,6,9,28,9,4,25,76,0,1,1,0.244,0.31,0.433,0.743,DET
Patrick Bailey,2024,C,25,112,447,401,46,94,16,1,8,46,4,0,39,100,1,7,0,0.234,0.298,0.339,0.637,SF
Patrick Wisdom,2024,3B,33,44,173,158,16,27,7,2,8,23,5,0,10,59,1,1,4,0.171,0.237,0.392,0.629,CHC
Paul DeJong,2024,SS,31,121,482,445,54,101,17,0,24,56,2,2,23,156,0,5,9,0.227,0.276,0.427,0.7030000000000001,KC
Paul Goldschmidt,2024,1B,37,162,650,599,70,147,33,1,22,65,11,0,47,173,0,2,2,0.245,0.302,0.414,0.716,STL
Pavin Smith,2024,OF,29,40,158,137,26,37,11,0,9,36,1,0,18,31,0,3,0,0.27,0.348,0.547,0.895,ARI
Pedro Pages,2024,C,26,55,217,202,19,48,3,2,7,27,2,0,13,58,1,2,0,0.238,0.281,0.376,0.657,STL
Pete Alonso,2024,1B,30,162,695,608,91,146,31,0,34,88,3,0,70,172,0,4,13,0.24,0.329,0.459,0.788,NYM
Pete Crow-Armstrong,2024,OF,22,101,402,372,46,88,13,6,10,47,27,3,21,98,8,3,6,0.237,0.286,0.384,0.6699999999999999,CHC
Rafael Devers,2024,3B,28,151,601,525,87,143,34,5,28,83,3,0,67,147,0,6,3,0.272,0.354,0.516,0.87,BOS
Ramon Laureano,2024,OF,30,78,309,286,35,74,16,1,11,33,8,3,15,96,0,1,7,0.259,0.311,0.437,0.748,CLE
Ramon Urias,2024,3B,30,76,301,272,39,69,9,2,11,37,1,1,23,55,0,1,5,0.254,0.322,0.423,0.745,BAL
Randal Grichuk,2024,OF,33,70,279,254,40,74,20,2,12,46,0,0,20,46,0,2,3,0.291,0.348,0.528,0.876,ARI
Randy Arozarena,2024,OF,29,162,648,549,77,120,33,0,20,60,20,10,73,169,0,4,22,0.219,0.332,0.388,0.72,SEA
Reese McGuire,2024,C,29,40,157,139,10,29,3,0,3,18,3,0,13,39,1,3,2,0.209,0.28,0.295,0.575,BOS
Rhys Hoskins,2024,1B,31,129,515,449,59,96,14,0,26,82,3,0,53,149,0,6,7,0.214,0.303,0.419,0.722,MIL
Richie Palacios,2024,2B,27,79,315,264,46,59,8,1,5,21,19,1,45,67,0,1,5,0.223,0.346,0.318,0.6639999999999999,TB
Riley Adams,2024,C,28,32,128,116,10,26,5,1,2,8,1,0,10,35,0,0,2,0.224,0.297,0.336,0.633,WSH
Riley Greene,2024,OF,24,146,583,512,82,134,27,6,24,74,4,2,64,156,0,2,5,0.262,0.348,0.479,0.827,DET
Rob Refsnyder,2024,OF,33,77,305,272,32,77,16,1,11,40,2,2,28,78,0,0,5,0.283,0.361,0.471,0.832,BOS
Robbie Grossman,2024,OF,35,63,245,208,21,44,8,0,3,16,3,0,34,58,0,2,1,0.212,0.322,0.293,0.615,KC
Romy Gonzalez,2024,2B,28,54,216,199,25,53,10,1,6,29,11,3,12,58,0,4,1,0.266,0.306,0.417,0.723,BOS
Ronald Acuna,2024,OF,27,56,222,192,38,48,8,1,4,15,16,3,27,53,0,0,3,0.25,0.351,0.365,0.716,ATL
Rowdy Tellez,2024,1B,29,106,421,383,38,93,18,0,13,56,1,0,31,89,0,5,2,0.243,0.299,0.392,0.6910000000000001,PIT
Royce Lewis,2024,3B,25,82,325,292,40,68,16,0,16,47,0,0,28,74,0,5,0,0.233,0.295,0.452,0.747,MIN
Ryan Jeffers,2024,C,27,116,464,412,56,93,22,0,21,64,3,0,32,94,1,6,14,0.226,0.3,0.432,0.732,MIN
Ryan McMahon,2024,3B,30,161,643,567,68,137,28,0,20,65,4,6,69,185,0,4,3,0.242,0.325,0.397,0.722,COL
Ryan Mountcastle,2024,1B,28,127,507,473,54,128,30,2,13,63,3,0,27,114,0,6,1,0.271,0.308,0.425,0.733,BAL
Ryan Noda,2024,1B,28,28,110,95,8,13,4,0,1,4,0,0,14,37,1,0,1,0.137,0.255,0.211,0.46599999999999997,OAK
Ryan O'Hearn,2024,1B,31,124,494,443,60,117,21,3,15,59,3,1,46,69,0,3,2,0.264,0.334,0.427,0.761,BAL
Sal Frelick,2024,OF,24,130,519,475,66,123,22,4,2,32,18,3,39,78,2,1,4,0.259,0.32,0.335,0.655,MIL
Salvador Perez,2024,C,34,162,651,590,58,160,28,0,27,104,0,0,44,129,0,6,11,0.271,0.33,0.456,0.786,KC
Sam Hilliard,2024,OF,31,39,154,138,26,33,5,1,10,27,5,2,14,56,4,2,0,0.239,0.305,0.507,0.812,COL
Santiago Espinal,2024,3B,30,97,387,357,32,88,12,0,9,45,11,1,24,54,4,4,2,0.246,0.295,0.356,0.651,CIN
Sean Bouchard,2024,OF,28,27,107,91,14,17,7,0,1,8,4,0,12,33,1,2,2,0.187,0.29,0.297,0.587,COL
Sean Murphy,2024,C,30,66,264,233,19,45,5,1,10,25,0,0,27,67,0,1,3,0.193,0.284,0.352,0.6359999999999999,ATL
Seiya Suzuki,2024,OF,30,147,585,512,74,145,27,6,21,73,16,6,63,160,0,4,6,0.283,0.366,0.482,0.848,CHC
Seth Brown,2024,OF,32,100,400,372,32,86,11,1,14,44,4,2,25,112,0,1,2,0.231,0.282,0.379,0.661,OAK
Shea Langeliers,2024,C,27,134,534,482,58,108,18,2,29,80,4,2,41,145,0,6,5,0.224,0.288,0.45,0.738,OAK
Shohei Ohtani,2024,DH,30,162,728,636,134,197,38,7,54,130,59,4,81,162,0,5,6,0.31,0.39,0.646,1.036,LAD
Spencer Horwitz,2024,1B,27,96,381,328,46,87,19,0,12,40,0,0,42,70,0,4,7,0.265,0.357,0.433,0.79,TOR
Spencer Steer,2024,OF,27,162,656,574,74,129,34,4,20,92,25,3,72,137,0,2,8,0.225,0.319,0.402,0.7210000000000001,CIN
Spencer Torkelson,2024,1B,25,95,380,342,45,75,21,1,10,37,0,0,33,105,0,1,4,0.219,0.295,0.374,0.669,DET
Starling Marte,2024,OF,36,92,367,335,46,90,13,3,7,40,16,1,27,81,3,2,3,0.269,0.327,0.388,0.7150000000000001,NYM
Steven Kwan,2024,OF,27,135,538,480,83,140,16,3,14,44,12,5,53,51,2,0,5,0.292,0.368,0.425,0.7929999999999999,CLE
Stuart Fairchild,2024,OF,28,58,231,209,33,45,8,0,8,30,13,1,17,60,2,1,4,0.215,0.286,0.368,0.6539999999999999,CIN
TJ Friedl,2024,OF,29,85,339,297,35,67,5,1,13,55,9,1,26,52,2,4,12,0.226,0.31,0.38,0.69,CIN
Taylor Walls,2024,SS,28,63,252,218,27,40,5,3,1,14,16,4,31,67,0,3,0,0.183,0.282,0.248,0.53,TB
Taylor Ward,2024,OF,31,162,663,585,73,144,26,2,25,75,6,4,63,163,0,8,7,0.246,0.323,0.426,0.749,LAA
Teoscar Hernandez,2024,OF,32,162,651,589,84,160,32,2,33,99,12,3,53,188,0,1,8,0.272,0.339,0.501,0.8400000000000001,LAD
Thairo Estrada,2024,2B,29,96,381,364,43,79,15,2,9,47,2,2,10,76,0,2,5,0.217,0.247,0.343,0.5900000000000001,SF
Tim Anderson,2024,SS,31,61,241,234,16,50,3,0,0,9,4,4,7,68,0,0,0,0.214,0.237,0.226,0.46299999999999997,MIA
Tomas Nido,2024,C,30,34,136,130,14,25,4,0,4,12,0,0,5,35,3,1,0,0.192,0.221,0.315,0.536,CHC
Tommy Edman,2024,OF,29,39,153,139,20,33,5,1,6,20,6,0,11,30,0,2,1,0.237,0.294,0.417,0.711,LAD
Tommy Pham,2024,OF,36,121,478,440,49,109,20,3,9,39,7,3,35,106,0,1,2,0.248,0.305,0.368,0.673,STL
Travis Jankowski,2024,OF,33,52,207,190,19,38,5,0,1,12,11,1,12,44,0,0,5,0.2,0.266,0.242,0.508,TEX
Travis d'Arnaud,2024,C,36,86,341,307,40,73,16,0,15,48,1,0,24,89,0,4,6,0.238,0.302,0.436,0.738,ATL
Trea Turner,2024,SS,31,135,539,505,88,149,25,0,21,62,19,4,27,98,0,1,6,0.295,0.338,0.469,0.8069999999999999,PHI
Trent Grisham,2024,OF,28,52,207,179,21,34,8,0,9,31,1,1,22,57,1,2,4,0.19,0.29,0.385,0.675,NYY
Trevor Larnach,2024,OF,27,100,400,355,59,92,17,0,15,52,4,1,40,89,0,2,3,0.259,0.338,0.434,0.772,MIN
Trevor Story,2024,SS,32,27,106,94,8,24,7,0,2,10,6,3,11,33,0,0,1,0.255,0.34,0.394,0.734,BOS
Trey Cabbage,2024,OF,27,23,91,86,12,18,8,0,1,8,1,1,4,34,0,0,1,0.209,0.253,0.337,0.5900000000000001,HOU
Trey Lipscomb,2024,3B,24,53,209,190,20,38,3,0,1,10,11,2,16,40,1,1,2,0.2,0.268,0.232,0.5,WSH
Trey Sweeney,2024,SS,24,30,119,110,11,24,5,0,4,17,2,0,7,32,0,1,1,0.218,0.269,0.373,0.642,DET
Triston Casas,2024,1B,25,61,243,212,28,51,8,0,13,32,0,1,30,77,0,0,1,0.241,0.337,0.462,0.799,BOS
Tucker Barnhart,2024,C,34,24,94,81,13,14,3,0,0,6,1,0,13,31,2,0,0,0.173,0.287,0.21,0.497,ARI
Ty France,2024,1B,30,134,535,479,46,112,24,0,13,51,1,1,38,114,0,5,13,0.234,0.305,0.365,0.6699999999999999,CIN
Tyler Fitzgerald,2024,SS,27,86,341,314,53,88,19,2,15,34,17,4,22,108,0,1,4,0.28,0.334,0.497,0.831,SF
Tyler Freeman,2024,OF,25,95,380,330,48,69,14,1,7,32,11,6,28,53,3,3,19,0.209,0.305,0.321,0.626,CLE
Tyler Nevin,2024,3B,27,70,278,245,22,50,10,0,7,20,1,0,25,64,0,3,5,0.204,0.288,0.331,0.619,OAK
Tyler O'Neill,2024,OF,29,119,473,411,74,99,18,0,31,61,4,0,53,159,0,2,7,0.241,0.336,0.511,0.847,BOS
Tyler Soderstrom,2024,1B,23,54,213,189,18,44,10,0,9,26,0,0,20,53,0,1,3,0.233,0.315,0.429,0.744,OAK
Tyler Stephenson,2024,C,28,129,515,457,69,118,26,1,19,66,1,0,48,117,0,2,8,0.258,0.338,0.444,0.782,CIN
Tyler Wade,2024,3B,30,38,151,138,28,30,3,0,0,8,8,1,11,29,4,0,2,0.217,0.285,0.239,0.524,SD
Tyrone Taylor,2024,OF,31,86,344,319,47,79,22,3,7,35,11,2,19,80,1,1,5,0.248,0.299,0.401,0.7,NYM
Vaughn Grissom,2024,2B,24,29,114,105,10,20,3,0,0,6,2,0,7,24,0,1,1,0.19,0.246,0.219,0.46499999999999997,BOS
Victor Caratini,2024,C,31,68,271,245,30,66,8,1,8,30,0,1,23,53,0,0,3,0.269,0.339,0.408,0.747,HOU
Victor Robles,2024,OF,27,73,289,254,44,78,20,0,4,28,34,2,21,53,6,3,11,0.307,0.381,0.433,0.8140000000000001,WSH
Victor Scott,2024,OF,24,39,155,145,14,26,9,0,2,10,5,1,6,42,0,2,2,0.179,0.219,0.283,0.502,STL
Vidal Brujan,2024,2B,27,70,277,248,32,55,14,2,2,16,5,6,25,54,1,0,4,0.222,0.303,0.319,0.622,MIA
Vinnie Pasquantino,2024,1B,27,139,553,496,64,130,30,2,19,97,1,0,40,71,1,13,4,0.262,0.315,0.446,0.761,KC
Vladimir Guerrero,2024,1B,25,162,697,616,98,199,44,1,30,103,2,2,72,96,0,4,5,0.323,0.396,0.544,0.9400000000000001,TOR
Wenceel Perez,2024,OF,25,106,423,389,51,94,16,6,9,37,9,5,32,92,2,1,1,0.242,0.3,0.383,0.683,DET
Weston Wilson,2024,OF,30,25,98,88,13,25,7,1,3,10,3,0,8,29,0,1,1,0.284,0.347,0.489,0.836,PHI
Whit Merrifield,2024,2B,36,84,331,293,44,65,9,3,4,15,17,3,35,52,4,0,3,0.222,0.311,0.314,0.625,ATL
Will Benson,2024,OF,26,97,385,343,41,64,19,2,14,43,16,7,40,154,1,0,2,0.187,0.275,0.376,0.651,CIN
Will Brennan,2024,OF,27,89,353,330,37,87,13,2,8,30,4,2,19,48,0,1,3,0.264,0.309,0.388,0.6970000000000001,CLE
Will Smith,2024,C,29,136,544,476,77,118,24,2,20,75,1,1,51,105,0,8,9,0.248,0.327,0.433,0.76,LAD
Will Wagner,2024,2B,26,22,86,82,8,25,6,0,2,11,0,0,4,16,0,0,0,0.305,0.337,0.451,0.788,TOR
Willi Castro,2024,OF,27,159,634,558,89,138,31,5,12,60,14,9,51,150,1,4,21,0.247,0.331,0.385,0.716,MIN
William Contreras,2024,C,27,162,679,595,99,167,37,2,23,92,9,2,78,139,0,3,3,0.281,0.365,0.466,0.831,MIL
Willie Calhoun,2024,OF,30,64,254,229,26,56,16,0,5,20,0,1,23,31,0,1,1,0.245,0.315,0.38,0.6950000000000001,LAA
Willson Contreras,2024,C,32,90,358,301,48,79,17,0,15,36,4,1,45,96,0,0,12,0.262,0.38,0.468,0.8480000000000001,STL
Willy Adames,2024,SS,29,162,688,610,93,153,33,0,32,112,21,4,74,173,0,3,1,0.251,0.331,0.462,0.793,MIL
Wilmer Flores,2024,1B,33,61,242,214,19,44,12,0,4,26,0,0,20,33,0,5,3,0.206,0.277,0.318,0.595,SF
Wilyer Abreu,2024,OF,25,112,447,399,59,101,33,2,15,58,8,3,40,125,0,5,3,0.253,0.322,0.459,0.781,BOS
Wyatt Langford,2024,OF,23,140,557,499,74,126,25,4,16,74,19,3,51,115,0,3,4,0.253,0.325,0.415,0.74,TEX
Xander Bogaerts,2024,SS,32,116,463,428,50,113,15,1,11,44,13,3,28,79,0,6,1,0.264,0.307,0.381,0.688,SD
Xavier Edwards,2024,SS,25,76,302,265,39,87,12,5,1,26,31,4,33,52,1,4,0,0.328,0.397,0.423,0.8200000000000001,MIA
Yainer Diaz,2024,C,26,155,619,585,70,175,29,3,16,84,2,0,24,107,0,8,2,0.299,0.325,0.441,0.766,HOU
Yan Gomes,2024,C,37,24,95,91,7,14,2,0,2,7,0,0,2,36,1,1,1,0.154,0.179,0.242,0.421,CHC
Yandy Diaz,2024,1B,33,156,621,563,55,158,31,1,14,65,0,0,50,95,0,4,4,0.281,0.341,0.414,0.755,TB
Yasmani Grandal,2024,C,36,60,240,215,26,49,10,0,9,27,1,0,24,46,3,1,0,0.228,0.304,0.4,0.704,PIT
Yordan Alvarez,2024,OF,27,159,635,552,88,170,34,2,35,86,6,0,69,95,0,4,10,0.308,0.392,0.567,0.959,HOU
Zach McKinstry,2024,SS,29,82,325,297,32,64,14,5,4,23,16,0,24,69,0,2,2,0.215,0.277,0.337,0.6140000000000001,DET
Zach Neto,2024,SS,24,150,598,542,70,135,34,1,23,77,30,10,39,140,4,1,16,0.249,0.318,0.443,0.761,LAA
Zack Gelof,2024,2B,25,136,544,497,60,105,20,2,17,49,25,3,38,188,3,5,4,0.211,0.27,0.362,0.632,OAK
Zack Short,2024,2B,29,22,85,70,11,9,3,0,0,5,2,1,14,24,3,0,1,0.129,0.282,0.171,0.45299999999999996,BOS
